Store Name	latitude	longitude	_category	Province_Full	Monday	Tuesday	Wednesday	Thursday	Friday	Saturday	Sunday	_blurb
AmiSoleil	47.7570880	-65.0666782	Thrift Stores	New Brunswick	F: 09:00 T: 16:30	F: 09:00 T: 16:30	F: 09:00 T: 16:30	F: 09:00 T: 16:30	F: 09:00 T: 16:30	F: 09:00 T: 16:00	closed	<p>832 boul. des Acadiens, Bertrand, NB, E1W 1H4<br>(506) 727-6778</p>
Beats & Bytes	45.2864054	-66.0425903	Thrift Stores	New Brunswick	F: 10:00 T: 19:00	F: 10:00 T: 19:00	F: 10:00 T: 19:00	F: 10:00 T: 19:00	F: 10:00 T: 19:00	F: 10:00 T: 19:00	F: 11:00 T: 18:00	<p>8 Bayside Dr., Saint John, NB, E2J 1A2<br>(506) 652-2274</p>
Bellwether Consignment	45.9634730	-66.6442418	Thrift Stores	New Brunswick	closed	closed	F: 12:00 T: 17:00	F: 12:00 T: 18:00	F: 12:00 T: 18:00	F: 12:00 T: 17:00	closed	<p>384 Queen St., Fredericton, NB, E3B 1B3<br>(506) 454-4558</p>
Boutique 2e Look	46.1226150	-64.8541735	Thrift Stores	New Brunswick	F: 10:00 T: 17:00	F: 10:00 T: 17:00	F: 10:00 T: 17:00	F: 10:00 T: 19:00	F: 10:00 T: 17:00	F: 10:00 T: 16:00	closed	<p>1966 Mountain Rd, Moncton, NB, E1G 1A9<br>(506) 384-4757</p>
Boutique Encore	46.0912127	-64.7825742	Thrift Stores	New Brunswick	closed	F: 10:00 T: 17:30	F: 12:00 T: 17:30	F: 10:00 T: 17:30	F: 10:00 T: 17:30	F: 09:30 T: 17:30	closed	<p>475 St. George St, Moncton, NB, E1C 1Y4<br>(506) 384-1853</p>
Boutique Hospice Shoppe	46.0959836	-64.8053933	Thrift Stores	New Brunswick	F: 10:00 T: 17:00	F: 10:00 T: 17:00	F: 10:00 T: 17:00	F: 10:00 T: 20:00	F: 10:00 T: 17:00	F: 10:00 T: 17:00	F: 12:00 T: 17:00	<p>164 Collishaw St., Moncton, NB, E1C 9R3<br>(506) 855-7467</p>
Changing Hands Thrift Shop Ltd	45.9496252	-66.6901198	Thrift Stores	New Brunswick	F: 10:00 T: 18:00	F: 10:00 T: 18:00	F: 10:00 T: 18:00	F: 10:00 T: 18:00	F: 10:00 T: 18:00	F: 10:00 T: 18:00	F: 12:00 T: 17:00	<p>1245 Hanwell Rd, Fredericton, NB, E3C 1A6<br>506-472-6763</p>
Clothing Traders	47.0325085	-65.4859297	Thrift Stores	New Brunswick	F: 09:00 T: 17:00	F: 09:00 T: 17:00	F: 09:00 T: 17:00	F: 09:00 T: 17:00	F: 09:00 T: 17:00	F: 09:00 T: 17:00	closed	<p>2285 King George Hwy, Miramichi, NB, E1V 6S1<br>(506) 622-1655</p>
Comptoir vestimentaire de St-André	47.0796875	-67.7630627	Thrift Stores	New Brunswick	F: 09:00 T: 16:00	F: 09:00 T: 16:00	F: 09:00 T: 16:00	F: 09:00 T: 16:00	F: 09:00 T: 16:00	F: 10:00 T: 15:00	closed	<p>265 route 255, Saint André, NB E3Y 3R3<br>(506) 473-6120</p>
Crazy Al's Liquidation Centre	46.1362582	-66.0430250	Thrift Stores	New Brunswick	closed	closed	closed	closed	closed	F: 10:00 T: 15:00	F: 12:00 T: 16:00	<p>5664 NB-10, Hardwood Ridge, NB E4A 1A4<br>(506) 326-9005</p>
Crystal's Emporium Thrift & Furniture	46.6741882	-64.8674297	Thrift Stores	New Brunswick	closed	F: 10:00 T: 17:00	F: 10:00 T: 17:00	F: 10:00 T: 17:00	F: 10:00 T: 17:00	F: 10:00 T: 17:00	closed	<p>9439 Main St., Richibucto, NB, E4W 4B8<br>(506) 523-9722</p>
Dayzee's Fashions Ltd	46.0521154	-64.7911369	Thrift Stores	New Brunswick	F: 10:00 T: 18:00	F: 10:00 T: 18:00	F: 10:00 T: 18:00	F: 10:00 T: 18:00	F: 10:00 T: 18:00	F: 10:00 T: 17:00	F: 12:00 T: 17:00	<p>541 Pinewood Rd., Riverview, NB, E1B 5M7<br>(506) 853-9323</p>
Enviro Plus - Second Chance Workshop	46.0744891	-64.8283164	Thrift Stores	New Brunswick	F: 09:00 T: 17:00	F: 09:00 T: 17:00	F: 09:00 T: 17:00	F: 09:00 T: 17:00	F: 10:00 T: 18:00	F: 09:00 T: 15:00	closed	<p>315 Baig Blvd. Moncton, NB E1E 1E1<br>(506) 853-7722</p>
Ergon Thrift	46.0573275	-64.8164138	Thrift Stores	New Brunswick	F: 09:00 T: 16:30	F: 09:00 T: 16:30	F: 09:00 T: 16:30	F: 09:00 T: 16:30	F: 09:00 T: 16:30	F: 09:00 T: 16:00	closed	<p>145 Traynor St., Riverview, NB, E1B 3B1<br>506-857-0014</p>
Escompte GT	47.5071728	-67.3913600	Thrift Stores	New Brunswick	F: 09:00 T: 17:00	F: 09:00 T: 17:00	F: 09:00 T: 17:00	F: 09:00 T: 20:00	F: 09:00 T: 20:00	F: 09:00 T: 17:00	closed	<p>11 Gallant, Saint-Quentin, NB, E8A 2N5<br>(506) 235-3009</p>
Freddy's New Frenchy's	45.7360659	-65.4933615	Thrift Stores	New Brunswick	F: 10:00 T: 18:00	F: 10:00 T: 18:00	F: 10:00 T: 18:00	F: 10:00 T: 18:00	F: 10:00 T: 18:00	F: 10:00 T: 18:00	F: 13:00 T: 17:00	<p>18 Wheeler Rd, Sussex Parish, NB, E4G 2W2<br>(506) 433-8210</p>
Freedom Fashion	47.0401693	-67.7301541	Thrift Stores	New Brunswick	closed	F: 09:30 T: 17:30	F: 09:30 T: 17:30	F: 09:30 T: 21:00	F: 09:30 T: 21:00	F: 09:30 T: 14:00	closed	<p>16260 NB-105, DSL de Drummond, NB, E3Y 2G5<br>(506) 475-9191</p>
Friperie La Deuxième Chance	48.0050418	-66.6745488	Thrift Stores	New Brunswick	closed	F: 09:00 T: 16:00	F: 09:00 T: 16:00	F: 09:00 T: 16:00	F: 09:00 T: 16:00	F: 11:00 T: 18:00	closed	<p>88 Roseberry St., Campbellton, NB, E3N 5B8<br>(506) 790-0494</p>
Global Styles	47.0184175	-65.4601912	Thrift Stores	New Brunswick	closed	F: 09:00 T: 17:00	F: 09:00 T: 17:00	F: 09:00 T: 18:00	F: 09:00 T: 17:00	F: 09:00 T: 17:00	closed	<p>17 University Ave, Miramichi, NB, E1N 3A8<br>(506) 773-7595</p>
Greater Blackville Resource Centre	46.6215393	-65.8811914	Thrift Stores	New Brunswick	closed	F: 10:00 T: 16:00	F: 10:00 T: 16:00	F: 10:00 T: 16:00	F: 10:00 T: 16:00	closed	closed	<p>12073 NB-8, Upper Blackville, NB, E9B 1Z8<br>(506) 843-9024</p>
Greener Village Unique Boutique	45.9356615	-66.6094702	Thrift Stores	New Brunswick	F: 09:00 T: 17:00	F: 09:00 T: 17:00	F: 09:00 T: 17:00	F: 09:00 T: 17:00	F: 09:00 T: 17:00	F: 09:00 T: 16:00	closed	<p>686 Riverside Dr, Fredericton, NB, E3A 8C2<br>(506) 459-7461</p>
Guy's Frenchy's	46.4671918	-64.7289099	Thrift Stores	New Brunswick	F: 09:00 T: 21:00	F: 09:00 T: 21:00	F: 09:00 T: 21:00	F: 09:00 T: 21:00	F: 09:00 T: 21:00	F: 09:00 T: 17:00	F: 12:00 T: 17:00	<p>119 Irving Blvd, Bouctouche, NB, E4S 3K3<br>(506) 743-8661</p>
Guy's Frenchy's	46.2192690	-64.5653656	Thrift Stores	New Brunswick	F: 09:00 T: 20:00	F: 09:00 T: 20:00	F: 09:00 T: 20:00	F: 09:00 T: 20:00	F: 09:00 T: 20:00	F: 09:00 T: 17:00	F: 12:00 T: 17:00	<p>151 Hanington, Shediac, NB, E4P 1W4<br>(506) 533-8493</p>
Guy's Frenchy's	46.1161215	-64.8383333	Thrift Stores	New Brunswick	F: 09:00 T: 21:00	F: 09:00 T: 21:00	F: 09:00 T: 21:00	F: 09:00 T: 21:00	F: 09:00 T: 21:00	F: 09:00 T: 17:00	F: 12:00 T: 17:00	<p>1567 Mountain  Rd, Moncton, NB, E1G 1A3<br>(506) 860-6219</p>
Guy's Frenchy's	45.8403260	-66.4980850	Thrift Stores	New Brunswick	F: 09:00 T: 20:00	F: 09:00 T: 20:00	F: 09:00 T: 20:00	F: 09:00 T: 20:00	F: 09:00 T: 20:00	F: 09:00 T: 17:00	F: 12:00 T: 17:00	<p>267 Restigouche Rd, Oromocto, NB, E2V 2H1<br>(506) 357-7396</p>
Guy's Frenchy's	45.2595267	-66.0755303	Thrift Stores	New Brunswick	F: 09:00 T: 21:00	F: 09:00 T: 21:00	F: 09:00 T: 21:00	F: 09:00 T: 21:00	F: 09:00 T: 21:00	F: 09:00 T: 17:00	F: 12:00 T: 17:00	<p>109 Ludlow St., Saint John, NB, E2M 1C2<br>(506) 635-8944</p>
Guy's Frenchy's	46.2192690	-64.5653656	Thrift Stores	New Brunswick	F: 09:00 T: 20:00	F: 09:00 T: 20:00	F: 09:00 T: 20:00	F: 09:00 T: 20:00	F: 09:00 T: 20:00	F: 09:00 T: 17:00	F: 12:00 T: 17:00	<p>151 Hanington Ch, Shediac, NB, E4P 1W4<br>(506) 533-8493</p>
Habitat for Humanity	46.1019702	-64.8142145	Thrift Stores	New Brunswick	F: 09:00 T: 17:00	F: 09:00 T: 17:00	F: 09:00 T: 17:00	F: 09:00 T: 17:00	F: 09:00 T: 17:00	F: 09:00 T: 17:00	closed	<p>950 Mountain Rd, Moncton, NB, E1C 2S2<br>(506) 384-4664</p>
Habitat for Humanity ReStore	45.9883570	-66.6324288	Thrift Stores	New Brunswick	F: 10:00 T: 16:30	F: 10:00 T: 16:30	F: 10:00 T: 16:30	F: 10:00 T: 16:30	F: 10:00 T: 16:30	F: 10:00 T: 16:30	closed	<p>800 St. Mary&#x27;s St., Fredericton, NB, E3G 8S8<br>(506) 462-4881</p>
Habitat for Humanity ReStore	45.3071268	-66.0108927	Thrift Stores	New Brunswick	F: 09:00 T: 17:00	F: 09:00 T: 17:00	F: 09:00 T: 17:00	F: 09:00 T: 17:00	F: 09:00 T: 17:00	F: 09:00 T: 17:00	closed	<p>171 McAllister Dr., Saint John, NB E2J 2S6<br>(506) 634-7867</p>
Hospice Boutique Fredericton	45.9543261	-66.6474905	Thrift Stores	New Brunswick	F: 10:00 T: 17:00	F: 10:00 T: 17:00	F: 10:00 T: 17:00	F: 10:00 T: 17:00	F: 10:00 T: 17:00	F: 10:00 T: 17:00	closed	<p>525 Dundonald St, Fredericton, NB, E3B 1X5<br>(506) 472-2215</p>
Hospice Miramichi	47.0299324	-65.4689199	Thrift Stores	New Brunswick	F: 9:00 T: 15:30	F: 9:00 T: 15:30	F: 9:00 T: 15:30	F: 9:00 T: 15:30	F: 9:00 T: 12:00	closed	closed	<p>Wentworth Street, Miramichi, NB E1N 3A8<br>506-773-7607</p>
Hospice SENB	46.1057893	-64.7626423	Thrift Stores	New Brunswick	open24hours	open24hours	open24hours	open24hours	open24hours	open24hours	open24hours	<p>156 Pleasant St, Moncton, NB, E1A 2V5<br>(506) 383-2404</p>
Johhn's Used Books & Souvenirs	46.9983689	-65.5665041	Thrift Stores	New Brunswick	F: 10:00 T: 17:00	F: 10:00 T: 17:00	F: 10:00 T: 17:00	F: 10:00 T: 17:00	F: 10:00 T: 17:00	F: 10:00 T: 14:00	closed	<p>71 Jane St, Miramichi, NB, E1V 2S8<br>(506) 622-7914</p>
Lucky 13 Thrift	45.5234914	-65.8298215	Thrift Stores	New Brunswick	closed	F: 09:00 T: 17:00	F: 09:00 T: 17:00	F: 09:00 T: 17:00	F: 09:00 T: 17:00	F: 12:00 T: 16:00	closed	<p>242 Main St., Hampton, NB, E5N 6B8</p>
Matt's Media Outlet	46.0568234	-64.8186997	Thrift Stores	New Brunswick	F: 11:00 T: 18:00	F: 11:00 T: 18:00	F: 11:00 T: 18:00	F: 11:00 T: 18:00	F: 11:00 T: 18:00	F: 11:00 T: 18:00	closed	<p>26 Trites Rd, Riverview, NB, E1B 2V6<br>(506) 854-1081</p>
McIntyre's Treasure Trove on the Grove	45.3399542	-65.9764067	Thrift Stores	New Brunswick	F: 08:00 T: 17:00	F: 08:00 T: 17:00	F: 08:00 T: 17:00	F: 08:00 T: 18:00	F: 08:00 T: 18:00	F: 10:00 T: 16:00	closed	<p>1099 Golden Grove Rd, Saint John, NB, E2H 2X1<br>(506) 657-7335</p>
Mission Thrift Store	45.9842472	-66.6654702	Thrift Stores	New Brunswick	F: 10:00 T: 17:00	F: 10:00 T: 17:00	F: 10:00 T: 17:00	F: 10:00 T: 17:00	F: 10:00 T: 17:00	F: 10:00 T: 17:00	closed	<p>387 Sunset Dr., Fredericton, NB, E3A 1B3<br>(506) 454-9662</p>
Mission Thrift Store Moncton	46.1122685	-64.7766582	Thrift Stores	New Brunswick	F: 09:30 T: 18:00	F: 09:30 T: 18:00	F: 09:30 T: 18:00	F: 09:30 T: 19:00	F: 09:30 T: 19:00	F: 09:30 T: 19:00	closed	<p>40 Morton Ave., Moncton, NB, E1A 3H9<br>(506) 857-4040</p>
My Closet Consignment	45.9636	-66.6431	Thrift Stores	New Brunswick	F: 10:00 T: 17:00	F: 10:00 T: 17:00	F: 10:00 T: 17:00	F: 10:00 T: 20:00	F: 10:00 T: 17:00	F: 10:00 T: 16:00	F: 12:00 T: 16:00	<p>280 Main St., Suite 5, Fredericton, NB, E3A 1C9<br>(506) 449-5580</p>
My Consignment Fredericton	45.9312221	-66.6618003	Thrift Stores	New Brunswick	F: 10:00 T: 17:00	F: 10:00 T: 17:00	F: 10:00 T: 17:00	F: 10:00 T: 18:00	F: 10:00 T: 17:00	F: 10:00 T: 17:00	F: 12:00 T: 16:00	<p>5 Trinity Ave, Fredericton, NB, E3C 0B7<br>(506) 454-0374</p>
My Consignment Saint John	45.3020963	-66.0265121	Thrift Stores	New Brunswick	F: 10:00 T: 17:00	F: 10:00 T: 17:00	F: 10:00 T: 17:00	F: 10:00 T: 17:00	F: 10:00 T: 17:00	F: 10:00 T: 17:00	F: 12:00 T: 16:00	<p>11 Fashion Drive, Saint John, NB, E2J 0A7<br>(506) 633-5092</p>
Nerdful Things Moncton	46.1042505	-64.8189453	Thrift Stores	New Brunswick	closed	F: 11:30 T: 20:00	F: 11:30 T: 20:00	F: 11:30 T: 20:00	F: 11:30 T: 20:00	F: 11:00 T: 18:00	closed	<p>587a Mountain Rd, Moncton, NB, E1C 6S1<br>(506) 855-1106</p>
Once Upon a Child	45.2848	-66.0842	Thrift Stores	New Brunswick	F: 09:30 T: 20:00	F: 09:30 T: 20:00	F: 09:30 T: 20:00	F: 09:30 T: 20:00	F: 09:30 T: 20:00	F: 09:30 T: 20:00	F: 10:00 T: 18:00	<p>533 Westmoreland Rd, Suite 3, Saint John, NB E2J 2G5<br>(506) 631-0010</p>
Out' Fits	45.3272985	-66.0273278	Thrift Stores	New Brunswick	F: 09:00 T: 21:00	F: 09:00 T: 21:00	F: 09:00 T: 21:00	F: 09:00 T: 21:00	F: 09:00 T: 21:00	F: 09:00 T: 21:00	F: 11:00 T: 18:00	<p>15 Fulton Ln, Saint John, NB, E2H 2W4<br>(506) 214-3780</p>
Paula's Picks	45.6097364	-65.7313454	Thrift Stores	New Brunswick	closed	closed	F: 10:00 T: 16:00	F: 10:00 T: 16:00	F: 10:00 T: 16:00	F: 10:00 T: 16:00	closed	<p>441 NB-121, Bloomfield, NB, E5N 4T3<br>(506) 333-8108</p>
Pawn Kings	46.0895932	-64.7904179	Thrift Stores	New Brunswick	F: 10:00 T: 19:00	F: 10:00 T: 19:00	F: 10:00 T: 19:00	F: 10:00 T: 19:00	F: 10:00 T: 19:00	F: 10:00 T: 13:00	closed	<p>74 St. George St, Moncton, NB, E1C 1T3<br>(506) 872-1921</p>
Ready Set Grow! Kids Consignment	46.0619126	-64.8105052	Thrift Stores	New Brunswick	F: 10:00 T: 17:00	F: 10:00 T: 17:00	F: 10:00 T: 17:00	F: 10:00 T: 17:00	F: 10:00 T: 17:00	F: 10:00 T: 17:00	closed	<p>621 Coverdale Rd., Riverview, NB, E1B 3K6<br>(506) 388-1777</p>
Sacred Arts	45.9726295	-66.6311520	Thrift Stores	New Brunswick	F: 08:00 T: 18:00	F: 08:00 T: 18:00	F: 08:00 T: 18:00	F: 08:00 T: 18:00	F: 08:00 T: 18:00	F: 08:00 T: 18:00	F: 08:00 T: 18:00	<p>150 Cliffe St, Fredericton, NB, E3A 0A1<br>(506) 459-2924</p>
SDV Vintage Shop	46.0962897	-64.7775537	Thrift Stores	New Brunswick	closed	closed	F: 12:00 T: 17:00	F: 12:00 T: 19:00	F: 12:00 T: 17:00	F: 10:00 T: 16:00	closed	<p>187 Botsford St, Moncton, NB, E1C 4X4</p>
Second Edition	46.0963750	-64.7932868	Thrift Stores	New Brunswick	F: 10:00 T: 17:00	F: 10:00 T: 17:00	F: 10:00 T: 17:00	F: 10:00 T: 18:00	F: 10:00 T: 17:00	F: 10:00 T: 17:00	F: 12:00 T: 16:00	<p>460 Mountain Rd., Moncton, NB, E1C 0K8<br>(506) 855-6300</p>
Second Hand Shop and Pawn Shop	46.1431148	-67.5846779	Thrift Stores	New Brunswick	closed	closed	closed	F: 09:00 T: 17:00	F: 09:00 T: 17:00	F: 09:00 T: 14:00	closed	<p>1061 NB-103, Woodstock, NB, E7M 3C4<br>(506) 328-9754</p>
Second Showing Boutique	45.9444589	-66.6978365	Thrift Stores	New Brunswick	F: 10:00 T: 17:30	F: 10:00 T: 17:30	F: 10:00 T: 17:30	F: 10:00 T: 17:30	F: 10:00 T: 17:30	F: 10:00 T: 16:00	closed	<p>1299 Hanwell Rd., Fredericton, NB, E3C 1A6<br>(506) 458-1305</p>
Seed the Need Thrift Store	45.9773952	-66.6528277	Thrift Stores	New Brunswick	F: 9:00 T: 18:00	F: 9:00 T: 18:00	F: 9:00 T: 18:00	F: 9:00 T: 18:00	F: 9:00 T: 18:00	F: 9:00 T: 18:00	closed	<p>176 Main St., Fredericton, NB, E3A 1C8<br>(506) 260-7617</p>
St. Croix Vocational Centre	45.1936417	-67.2756268	Thrift Stores	New Brunswick	F: 08:00 T: 16:00	F: 08:00 T: 16:00	F: 10:00 T: 17:00	F: 10:00 T: 17:00	F: 09:00 T: 16:00	F: 10:00 T: 14:00	closed	<p>50 King St., St. Stephen, NB E3L 2C1<br>(506) 466-4977</p>
The Good Eye Thrift Shop	46.0966038	-64.7927024	Thrift Stores	New Brunswick		closed	F: 11:00 T: 18:00	F: 11:00 T: 18:00	F: 11:00 T: 18:00	F: 11:00 T: 16:00	closed	<p>363 Mountain Rd, Moncton, NB, E1C 2M7</p>
The Hospice Shoppe	45.2537030	-66.0970042	Thrift Stores	New Brunswick	F: 10:00 T: 17:00	F: 10:00 T: 17:00	F: 10:00 T: 17:00	F: 10:00 T: 17:00	F: 10:00 T: 17:00	F: 10:00 T: 17:00	closed	<p>78 Catherwood, Saint John, NB, E2M 1X7<br>(506) 649-2762</p>
The Hospice Shoppe	47.0336552	-65.4639218	Thrift Stores	New Brunswick	F: 10:00 T: 16:00	F: 10:00 T: 16:00	F: 10:00 T: 16:00	F: 10:00 T: 16:00	F: 10:00 T: 16:00	F: 10:00 T: 16:00	closed	<p>139 Duke St, Miramichi, NB, E1N 1H6<br>(506) 773-3811</p>
The Pink Church Boutique	45.8217679	-64.5933208	Thrift Stores	New Brunswick								<p>3990 NB-114, Hopewell Cape, NB, E4H 3J2</p>
The Salvation Army	47.0002038	-65.5669528	Thrift Stores	New Brunswick	F: 10:00 T: 16:00	F: 10:00 T: 16:00	F: 10:00 T: 16:00	F: 10:00 T: 16:00	F: 10:00 T: 16:00	closed	closed	<p>231 Pleasant St, Miramichi, NB, E1V 1Y6<br>(506) 622-7826</p>
The Salvation Army	46.1080779	-64.8266160	Thrift Stores	New Brunswick	F: 10:00 T: 20:00	F: 10:00 T: 20:00	F: 10:00 T: 20:00	F: 10:00 T: 20:00	F: 10:00 T: 20:00	F: 10:00 T: 20:00	closed	<p>1185 Mountain Rd., Moncton, NB, E1C 2T4<br>(506) 855-8443</p>
The Salvation Army Thrift Store	46.0932299	-64.7607299	Thrift Stores	New Brunswick	F: 08:00 T: 16:30	F: 08:00 T: 16:30	F: 08:00 T: 16:30	F: 08:00 T: 16:30	F: 08:00 T: 16:30	F: 08:00 T: 16:30	F: 08:00 T: 16:30	<p>1127 Rue Champlain, Dieppe, NB, E1A 1P9<br>(905) 825-9208</p>
The Salvation Army Thrift Store	46.0834431	-64.8217605	Thrift Stores	New Brunswick	F: 09:00 T: 16:30	F: 09:00 T: 16:30	F: 09:00 T: 16:30	F: 09:00 T: 16:30	F: 09:00 T: 16:30	closed	F: 09:00 T: 13:30	<p>20 Centennial Dr, Moncton, NB, E1E 4E4<br>(506) 857-2803</p>
The Salvation Army Thrift Store	46.1123476	-64.7748218	Thrift Stores	New Brunswick	F: 10:00 T: 20:00	F: 10:00 T: 20:00	F: 10:00 T: 20:00	F: 10:00 T: 20:00	F: 10:00 T: 20:00	F: 10:00 T: 20:00	closed	<p>300 Elmwood Dr., Moncton, NB, E1A 6V2<br>506-859-8305</p>
The Salvation Army Thrift Store	45.8976891	-64.3664862	Thrift Stores	New Brunswick	F: 10:00 T: 19:00	F: 10:00 T: 19:00	F: 10:00 T: 19:00	F: 10:00 T: 20:00	F: 10:00 T: 20:00	F: 10:00 T: 20:00	closed	<p>26 Bridge St, Sackville, NB, E4L 3N5<br>(506) 536-2554</p>
The Salvation Army Thrift Store	45.2755365	-66.0772664	Thrift Stores	New Brunswick	F: 10:00 T: 19:00	F: 10:00 T: 19:00	F: 10:00 T: 19:00	F: 10:00 T: 19:00	F: 10:00 T: 19:00	F: 10:00 T: 19:00	closed	<p>87 Lansdowne Ave, Saint John, NB, E2K 3A1<br>(506) 632-8391</p>
The Salvation Army Thrift Store	45.9763264	-66.6476866	Thrift Stores	New Brunswick	F: 10:00 T: 20:00	F: 10:00 T: 20:00	F: 10:00 T: 20:00	F: 10:00 T: 20:00	F: 10:00 T: 20:00	F: 10:00 T: 20:05	closed	<p>275 Main St, Fredericton, NB, E3A 1E1<br>(506) 472-5458</p>
The Sussex Sharing Club	45.7211	-65.5085	Thrift Stores	New Brunswick	F: 10:00 T: 15:00	F: 10:00 T: 15:00	F: 10:00 T: 15:00	F: 10:00 T: 15:00	F: 10:00 T: 15:00	closed	closed	<p>26 Eveleigh St., Sussex, NB, E4E 2N8<br>(506) 433-6047</p>
Thrift Store Edmundston	47.3618326	-68.3283181	Thrift Stores	New Brunswick	closed	closed	closed	F: 10:00 T: 16:00	F: 10:00 T: 16:00	F: 10:00 T: 16:00	closed	<p>1 des Veterans Prom, Edmundston, NB, E3V 4E6<br>(506) 735-8712</p>
Thriftking Computer	45.9500785	-66.6888089	Thrift Stores	New Brunswick	F: 10:00 T: 17:00	F: 10:00 T: 17:00	F: 10:00 T: 17:00	F: 10:00 T: 17:00	F: 10:00 T: 17:00	F: 10:00 T: 15:00	closed	<p>1010 Hanwell Rd, Fredericton, NB, E3B 6A4<br>(506) 454-2299</p>
Thrifty's By Bluenotes	45.9413523	-66.6669327	Thrift Stores	New Brunswick	F: 10:00 T: 18:00	F: 10:00 T: 18:00	F: 10:00 T: 20:00	F: 10:00 T: 20:00	F: 10:00 T: 20:00	F: 10:00 T: 18:00	F: 12:00 T: 17:00	<p>1150 Prospect St, Fredericton, NB, E1B 3C1<br>(506) 454-4848</p>
Value Village	45.9437260	-66.6778043	Thrift Stores	New Brunswick	F: 10:00 T: 21:00	F: 10:00 T: 21:00	F: 10:00 T: 21:00	F: 10:00 T: 21:00	F: 10:00 T: 21:00	F: 10:00 T: 21:00	F: 10:00 T: 19:00	<p>371 Bishop Dr., Fredericton, NB, E3C 2M6<br>(506) 455-7676</p>
Value Village	46.1150655	-64.8267355	Thrift Stores	New Brunswick	F: 10:00 T: 21:00	F: 10:00 T: 21:00	F: 10:00 T: 21:00	F: 10:00 T: 21:00	F: 10:00 T: 21:00	F: 10:00 T: 21:00	F: 10:00 T: 19:00	<p>15 Plaza Blvd, Moncton, NB, E1C 0E8<br>(506) 382-3003</p>
Value Village	45.3105645	-66.0189596	Thrift Stores	New Brunswick	F: 10:00 T: 21:00	F: 10:00 T: 21:00	F: 10:00 T: 21:00	F: 10:00 T: 21:00	F: 10:00 T: 21:00	F: 10:00 T: 21:00	F: 10:00 T: 19:00	<p>212 McAllister Dr., Saint John, NB, E2L 3S2<br>(506) 696-5301</p>
Vestiaire St-Joseph Inc.	46.2200	-64.5398	Thrift Stores	New Brunswick	F: 10:00 T: 18:00	F: 10:00 T: 18:00	F: 10:00 T: 18:00	F: 10:00 T: 18:00	F: 10:00 T: 18:00	closed	closed	<p>60 Rue du Vestiaire, Shediac, NB, E4P 2W5<br>(506) 532-1147</p>
Village Antiques & More	46.7513	-67.7597	Thrift Stores	New Brunswick	F: 09:00 T: 17:00	F: 09:00 T: 17:00	F: 09:00 T: 17:00	F: 09:00 T: 17:00	F: 09:00 T: 17:00	F: 09:00 T: 17:00	F: 09:00 T: 17:00	<p>1330B Chem. Tobique, Drummond, NB, E3Y 2N7<br>(506) 426-7373</p>
Ametora Supply	45.0798704	-64.4982775	Thrift Stores	Nova Scotia	closed	closed	F: 11:00 T: 17:00	F: 11:00 T: 17:00	F: 12:00 T: 19:00	F: 12:00 T: 19:00	F: 12:00 T: 17:00	<p>13 River St., Kentville, NS, B4N 1G8<br>902 401-4016</p>
Baby Central Consignment	45.0674482	-64.5771944	Thrift Stores	Nova Scotia	closed	F: 10:00 T: 16:30	F: 10:00 T: 16:30	F: 10:00 T: 16:30	F: 12:00 T: 16:30	F: 10:00 T: 16:30	closed	<p>7106 NS Trunk 1, Coldbrook, NS, B4R 1C1<br>902 679-2229</p>
Consignor's Place	45.0697096	-64.4619706	Thrift Stores	Nova Scotia	F: 09:30 T: 17:30	F: 09:30 T: 17:30	F: 09:30 T: 21:00	F: 09:30 T: 21:00	F: 09:30 T: 21:00	F: 09:30 T: 17:30	F: 09:30 T: 17:30	<p>77 Crescent Dr., New Minas, NS, B4N 3G7<br>902 681-6075</p>
East of Montreal	44.6434021	-63.5788533	Thrift Stores	Nova Scotia	closed	F: 10:00 T: 17:00	F: 10:00 T: 17:00	F: 10:00 T: 17:00	F: 10:00 T: 17:00	F: 10:00 T: 17:00	closed	<p>5657 Spring Garden Rd, Halifax, NS, B3J 3R4<br>902 444-7774</p>
Guy's Frenchy's	44.9768210	-64.9707840	Thrift Stores	Nova Scotia	F: 09:00 T: 20:00	F: 09:00 T: 20:00	F: 09:00 T: 20:00	F: 09:00 T: 20:00	F: 09:00 T: 20:00	F: 09:00 T: 17:00	F: 12:00 T: 17:00	<p>14384 NS Trunk 1, Wilmot, NS, B0P 1W0<br>902 825-4731</p>
Guy's Frenchy's	44.7575717	-63.6551988	Thrift Stores	Nova Scotia	F: 09:00 T: 21:00	F: 09:00 T: 21:00	F: 09:00 T: 21:00	F: 09:00 T: 21:00	F: 09:00 T: 21:00	F: 09:00 T: 17:00	F: 12:00 T: 17:00	<p>12 Murdock MacKay Ct, Lower Sackville, NS, B4C 3J4<br>902 864-2779</p>
In the Bin Used Clothing	44.9923972	-64.1399646	Thrift Stores	Nova Scotia	F: 09:00 T: 21:00	F: 09:00 T: 21:00	F: 09:00 T: 21:00	F: 09:00 T: 21:00	F: 09:00 T: 21:00	F: 09:00 T: 17:00	F: 09:00 T: 17:00	<p>68 Albert St, Windsor, NS, B0N 2T0<br>902 798-4345</p>
Incredible Thrift	44.7680480	-63.6857719	Thrift Stores	Nova Scotia	F: 09:00 T: 17:00	F: 09:00 T: 17:00	F: 09:00 T: 17:00	F: 09:00 T: 20:00	F: 09:00 T: 17:00	F: 09:00 T: 17:00	F: 11:00 T: 17:00	<p>592a Sackville Dr, Lower Sackville, NS, B4C 2S3<br>902 449-6181</p>
Jane's Again	45.0917692	-64.3603241	Thrift Stores	Nova Scotia	F: 10:00 T: 18:00	F: 10:00 T: 18:00	F: 10:00 T: 18:00	F: 10:00 T: 18:00	F: 10:00 T: 18:00	F: 09:00 T: 17:00	F: 12:00 T: 16:00	<p>390 Main St, Wolfville, NS, B4P 1C9<br>902 542-1671</p>
Just Kidding Kids Consignment	45.0708399	-64.4724137	Thrift Stores	Nova Scotia	F: 10:00 T: 16:30	F: 10:00 T: 16:30	closed	F: 10:00 T: 16:30	F: 10:00 T: 16:30	F: 10:00 T: 16:30	closed	<p>4 Commercial St #9323, New Minas, NS, B4N 3E9<br>902 365-5228</p>
King's SPCA Thrift Store	45.0717849	-64.4728820	Thrift Stores	Nova Scotia	F: 10:00 T: 17:00	F: 10:00 T: 17:00	F: 10:00 T: 17:00	F: 10:00 T: 17:00	F: 10:00 T: 17:00	F: 10:00 T: 17:00	closed	<p>8759 Commercial St, New Minas, NS, B4N 3C4<br>902 681-6700</p>
Ladies Consignment Shop	45.7118608	-63.2906597	Thrift Stores	Nova Scotia								<p>246 Main St, Tatamagouche, NS, B0K 1V0</p>
Louis Good Used Clothing	45.3524747	-63.2937121	Thrift Stores	Nova Scotia	F: 09:00 T: 21:00	F: 09:00 T: 21:00	F: 09:00 T: 21:00	F: 09:00 T: 21:00	F: 09:00 T: 21:00	F: 09:00 T: 16:00	F: 12:00 T: 17:00	<p>361 Willow St, Truro, NS, B2N 5A6<br>902 893-7719</p>
Lucky's Love It Again Goods	44.7303901	-63.6582365	Thrift Stores	Nova Scotia								<p>Bedford, NS,<br>902 240-0047</p>
Mission Thrift Store	44.7589879	-63.6513712	Thrift Stores	Nova Scotia	F: 09:00 T: 18:30	F: 09:00 T: 18:30	F: 09:00 T: 18:30	F: 09:00 T: 18:30	F: 09:00 T: 18:30	F: 09:00 T: 17:00	closed	<p>31 Temple Terrace, Lower Sackville, NS, B4C 0B5<br>902 461-2364</p>
My City Life Consignment	44.7332533	-63.6538689	Thrift Stores	Nova Scotia	F: 10:00 T: 18:30	F: 10:00 T: 18:30	F: 10:00 T: 18:30	F: 10:00 T: 18:30	F: 10:00 T: 18:30	F: 10:00 T: 18:00	F: 12:00 T: 17:00	<p>1595 Bedford Hwy, Bedford, NS, B4A 3Y4<br>902 832-4271</p>
New to You - STEPs on Arthur	45.3620783	-63.2792521	Thrift Stores	Nova Scotia	F: 09:00 T: 16:00	F: 09:00 T: 16:00	F: 09:00 T: 16:00	F: 09:00 T: 20:00	F: 09:00 T: 16:00	F: 09:00 T: 16:00	F: 12:00 T: 16:00	<p>184 Arthur St, Truro, NS, B2N 1Y4<br>902 893-7228</p>
Nora's New to You Thrift Store	46.2422469	-60.2317368	Thrift Stores	Nova Scotia	F: 10:00 T: 15:00	F: 10:00 T: 15:00	F: 10:00 T: 15:00	F: 10:00 T: 15:00	F: 10:00 T: 15:00	F: 10:00 T: 15:00	closed	<p>815 Main St, Sydney Mines, NS, B1V 2L9<br>902 736-1435</p>
NU2U Thrift Store	43.7492064	-65.3097898	Thrift Stores	Nova Scotia	closed	closed	F: 13:00 T: 16:00	F: 13:00 T: 16:00	F: 13:00 T: 16:00	F: 13:00 T: 15:00	closed	<p>1606 Lake Rd, Shelburne, NS, B0T 1W0</p>
Retro Runway Fashions	45.0918621	-64.3622152	Thrift Stores	Nova Scotia	closed	F: 10:00 T: 15:00	F: 10:00 T: 15:00	F: 10:00 T: 15:00	F: 10:00 T: 15:00	F: 10:00 T: 16:00	closed	<p>2 Central Ave, Wolfville, NS, B4P 2A6<br>902 692-9271</p>
Revival Shop	45.0642534	-64.1813173	Thrift Stores	Nova Scotia	F: 09:00 T: 12:00	F: 14:00 T: 16:00	F: 14:00 T: 16:00	F: 18:00 T: 20:00	closed	F: 09:00 T: 12:00	closed	<p>6 Willow St, Hantsport, NS, B0P 1P0<br>902 684-9265</p>
Rick's Riches Thrift Store	44.9414536	-63.5363885	Thrift Stores	Nova Scotia	F: 09:00 T: 15:00	F: 09:00 T: 15:00	F: 09:00 T: 15:00	F: 09:00 T: 15:00	F: 09:00 T: 15:00	F: 09:00 T: 15:00	closed	<p>21 Convent Rd, Enfield, NS, B2T 1C9<br>902 883-4910</p>
Salvation Army	45.5874665	-62.6429426	Thrift Stores	Nova Scotia	F: 09:00 T: 16:00	F: 09:00 T: 16:00	F: 09:00 T: 16:00	F: 09:00 T: 16:00	F: 09:00 T: 16:00	closed	closed	<p>134 James St, New Glasgow, NS, B2H 0A7<br>902 752-1804</p>
St. Thomas Thrift Shop	44.7888254	-63.1108332	Thrift Stores	Nova Scotia	F: 11:00 T: 16:00	F: 11:00 T: 16:00	closed	F: 11:00 T: 16:00	F: 11:00 T: 16:00	F: 09:00 T: 12:00	closed	<p>8498 NS Trunk 7, Musquodoboit Harbour, NS, B0J 2L0<br>902 889-3471</p>
Tatamagouche Buy & Sell	45.7157545	-63.2990017	Thrift Stores	Nova Scotia	F: 10:00 T: 16:00	F: 10:00 T: 16:00	F: 10:00 T: 16:00	F: 10:00 T: 16:00	F: 10:00 T: 16:00	F: 10:00 T: 17:00	closed	<p>91 Main St, Tatamagouche, NS, B0K 1V0<br>902 657-0494</p>
The Grateful Wardrobe	44.6447094	-63.5786938	Thrift Stores	Nova Scotia	F: 11:00 T: 17:30	F: 11:00 T: 17:30	F: 11:00 T: 17:30	F: 11:00 T: 17:30	F: 11:00 T: 17:30	F: 11:00 T: 17:00	F: 12:00 T: 16:00	<p>1595 Dresden Row, Halifax, NS, B3J 2K4<br>902 406-2499</p>
The Hospice Thrift Store	44.7595487	-63.6569576	Thrift Stores	Nova Scotia	F: 10:00 T: 17:00	F: 10:00 T: 17:00	F: 10:00 T: 17:00	F: 10:00 T: 17:00	F: 10:00 T: 18:00	F: 10:00 T: 18:00	closed	<p>32 Glendale Ave, Lower Sackville, NS, B4C 3M1<br>902 706-3763</p>
The Salvation Army Thrift Store	44.6618934	-63.6193601	Thrift Stores	Nova Scotia	F: 10:00 T: 20:00	F: 10:00 T: 20:00	F: 10:00 T: 20:00	F: 10:00 T: 20:00	F: 10:00 T: 20:00	F: 10:00 T: 20:00	closed	<p>3667 Strawberry Hill St, Halifax, NS, B3K 5A8<br>902 453-1880</p>
The Salvation Army Thrift Store	44.7502807	-63.6466609	Thrift Stores	Nova Scotia	F: 10:00 T: 20:00	F: 10:00 T: 20:00	F: 10:00 T: 20:00	F: 10:00 T: 20:00	F: 10:00 T: 20:00	F: 10:00 T: 20:00	closed	<p>205 Damascus Rd, Bedford, NS, B4A 0C2<br>902 832-2043</p>
The Salvation Army Thrift Store	44.6822132	-63.5399053	Thrift Stores	Nova Scotia	F: 10:00 T: 20:00	F: 10:00 T: 20:00	F: 10:00 T: 20:00	F: 10:00 T: 20:00	F: 10:00 T: 20:00	F: 10:00 T: 20:00	closed	<p>125 Main St, Dartmouth, NS, B2X 1R6<br>902 435-6508</p>
The Salvation Army Thrift Store	44.6711897	-63.5000467	Thrift Stores	Nova Scotia	F: 10:00 T: 20:00	F: 10:00 T: 20:00	F: 10:00 T: 20:00	F: 10:00 T: 20:00	F: 10:00 T: 20:00	F: 10:00 T: 20:00	closed	<p>971 Cole Harbour Rd, Dartmouth, NS, B2V 1E8<br>902 435-5625</p>
The Salvation Army Thrift Store	44.6715358	-63.5784649	Thrift Stores	Nova Scotia	F: 10:00 T: 20:00	F: 10:00 T: 20:00	F: 10:00 T: 20:00	F: 10:00 T: 20:00	F: 10:00 T: 20:00	F: 10:00 T: 20:00	closed	<p>118 Wyse Rd, Dartmouth, NS, B3A 1N7<br>902 463-3500</p>
The Salvation Army Thrift Store	43.8349118	-66.1199855	Thrift Stores	Nova Scotia	F: 09:00 T: 16:00	F: 09:00 T: 16:00	F: 09:00 T: 16:00	F: 09:00 T: 16:00	F: 09:00 T: 16:00	F: 10:00 T: 15:00	closed	<p>287 Main St, Yarmouth, NS, B5A 1E2<br>902 742-7749</p>
The Sunset Community Thrift Store	45.7360653	-63.8671225	Thrift Stores	Nova Scotia	F: 10:00 T: 16:30	F: 10:00 T: 16:30	F: 10:00 T: 16:30	F: 10:00 T: 16:30	F: 10:00 T: 16:30	F: 08:00 T: 16:30	closed	<p>18 Water St, Oxford, NS, B0M 1P0<br>902 552-2199</p>
Treasured Friends Gift Ltd	44.3769335	-64.5181238	Thrift Stores	Nova Scotia	F: 10:00 T: 17:00	F: 10:00 T: 17:00	F: 10:00 T: 17:00	F: 10:00 T: 17:00	F: 10:00 T: 17:00	F: 10:00 T: 17:00	closed	<p>505 King St, Bridgewater, NS, B4V 1B3<br>902 527-1789</p>
Value Village	45.0708399	-64.4724137	Thrift Stores	Nova Scotia	F: 10:00 T: 21:00	F: 10:00 T: 21:00	F: 10:00 T: 21:00	F: 10:00 T: 21:00	F: 10:00 T: 21:00	F: 10:00 T: 21:00	F: 10:00 T: 19:00	<p>9256 Commercial St, New Minas, NS, B4N 4A9<br>902 680-3662</p>
Value Village	44.6834760	-63.6117895	Thrift Stores	Nova Scotia	F: 10:00 T: 21:00	F: 10:00 T: 21:00	F: 10:00 T: 21:00	F: 10:00 T: 21:00	F: 10:00 T: 21:00	F: 10:00 T: 21:00	F: 10:00 T: 19:00	<p>85 Damascus Rd #1, Bedford, NS, B4A 0C2<br>902 800-9282</p>
Value Village	44.6834760	-63.6117895	Thrift Stores	Nova Scotia	F: 10:00 T: 21:00	F: 10:00 T: 21:00	F: 10:00 T: 21:00	F: 10:00 T: 21:00	F: 10:00 T: 21:00	F: 10:00 T: 21:00	F: 10:00 T: 19:00	<p>610 E River Rd, New Glasgow, NS, B2H 3S2<br>902 600-0016</p>
The Salvation Army Thrift Store	45.3640366	-63.2727028	Thrift Stores	Nova Scotia	F: 10:00 T: 17:00	F: 10:00 T: 17:00	F: 10:00 T: 17:00	F: 10:00 T: 17:00	F: 10:00 T: 17:00	F: 10:00 T: 17:00	closed	<p>966 Prince St, Truro, NS, B2N 1H8<br>902 895-9376</p>
Consignment Shop	45.0775123	-64.5000781	Thrift Stores	Nova Scotia	F: 10:00 T: 17:00	F: 10:00 T: 17:00	F: 10:00 T: 17:00	F: 10:00 T: 19:00	F: 10:00 T: 19:00	F: 11:00 T: 17:00	F: 12:00 T: 17:00	<p>484 Main St, Kentville, NS, B4N 1L3<br>902 678-4761</p>
Guy's Frenchys	45.0674482	-64.5771944	Thrift Stores	Nova Scotia	F: 09:00 T: 21:00	F: 09:00 T: 21:00	F: 09:00 T: 21:00	F: 09:00 T: 21:00	F: 09:00 T: 21:00	F: 09:00 T: 17:00	F: 12:00 T: 17:00	<p>6931 NS Trunk 1, Coldbrook, NS, B4R 1B6<br>902 679-0452</p>
Oats Thrift Store	45.0773473	-64.4964954	Thrift Stores	Nova Scotia	closed	F: 10:00 T: 15:00	F: 10:00 T: 15:00	F: 10:00 T: 15:00	F: 10:00 T: 15:00	F: 10:00 T: 15:00	closed	<p>1 Aberdeen St, Kentville, NS, B4N 2M9<br>902 678-0062</p>
Pinkies Thrift	44.6637729	-63.6108904	Thrift Stores	Nova Scotia	F: 09:00 T: 15:30	F: 09:00 T: 15:30	F: 09:00 T: 15:30	F: 09:00 T: 15:30	F: 09:00 T: 15:30	closed	closed	<p>3486 Prescott St, Halifax, NS, B3K 4Y4<br>902 454-7387</p>
Only Brands Online Thrift	44.6615927	-63.6655906	Thrift Stores	Nova Scotia	open24hours	open24hours	open24hours	open24hours	open24hours	open24hours	open24hours	<p>291 Radcliffe Dr, Halifax, NS, B3S 1H8<br>902 237-8894</p>
Hand in Hand	44.6070011	-63.6140067	Thrift Stores	Nova Scotia	F: 10:00 T: 16:00	F: 10:00 T: 16:00	F: 10:00 T: 16:00	F: 10:00 T: 17:00	F: 10:00 T: 17:00	F: 10:00 T: 17:00	closed	<p>440 Herring Cove Rd, Halifax, NS, B3R 1W4<br>902 477-7744</p>
Value Village	44.6450833	-63.6688969	Thrift Stores	Nova Scotia	F: 10:00 T: 21:00	F: 10:00 T: 21:00	F: 10:00 T: 21:00	F: 10:00 T: 21:00	F: 10:00 T: 21:00	F: 10:00 T: 21:00	F: 10:00 T: 20:00	<p>165 Chain Lake Dr, Halifax, NS, B3S 1B3<br>902 450-5134</p>
Mission Mart	44.6465651	-63.6793838	Thrift Stores	Nova Scotia	F: 09:00 T: 21:00	F: 09:00 T: 21:00	F: 09:00 T: 21:00	F: 09:00 T: 21:00	F: 09:00 T: 21:00	F: 09:00 T: 21:00	F: 09:00 T: 21:00	<p>265 Susie Lake Crescent, Halifax, NS, B3S 0J5<br>902 453-6278</p>
Lost & Found	44.6527609	-63.5895543	Thrift Stores	Nova Scotia	closed	F: 11:00 T: 18:00	F: 11:00 T: 18:00	F: 11:00 T: 18:00	F: 11:00 T: 18:00	F: 11:00 T: 18:00	F: 11:00 T: 17:00	<p>2383 Agricola St, Halifax, NS, B3K 4B8<br>902 446-5986</p>
The Loot Vintage	44.6474863	-63.5740555	Thrift Stores	Nova Scotia	closed	F: 12:00 T: 18:00	F: 12:00 T: 18:00	F: 12:00 T: 18:00	F: 12:00 T: 18:00	F: 12:00 T: 18:00	F: 12:00 T: 18:00	<p>1711 Barrington St, Halifax, NS, B3J 2A4<br>902 407-1391</p>
The Has Bin	44.6407521	-63.5847849	Thrift Stores	Nova Scotia	closed	closed	F: 12:00 T: 17:00	F: 12:00 T: 17:00	F: 12:00 T: 17:00	F: 12:00 T: 17:00	F: 12:00 T: 17:00	<p>5896 Spring Garden Rd, Halifax, NS,</p>
Great Things In Store	44.6131085	-63.6165199	Thrift Stores	Nova Scotia	F: 09:30 T: 16:30	F: 09:30 T: 16:30	F: 09:30 T: 16:30	F: 09:30 T: 16:30	F: 09:30 T: 16:00	closed	F: 10:00 T: 16:00	<p>334 Herring Cove Rd, Halifax, NS, B3R 1V9<br>902 406-3051</p>
Meyvn Sustainable Apparel	44.6535410	-63.5858093	Thrift Stores	Nova Scotia	closed	F: 11:00 T: 18:00	F: 11:00 T: 18:00	F: 11:00 T: 18:00	F: 11:00 T: 18:00	F: 11:00 T: 17:00	F: 12:00 T: 17:00	<p>2240 Gottingen St, Halifax, NS, B3K 0H4<br>902 422-8498</p>
Elsie's Consignment Clothing	44.6437066	-63.5766837	Thrift Stores	Nova Scotia	F: 11:00 T: 18:00	F: 11:00 T: 18:00	F: 11:00 T: 18:00	F: 11:00 T: 18:00	F: 11:00 T: 18:00	F: 11:00 T: 18:00	F: 12:00 T: 17:00	<p>1530 Queen St, Halifax, NS, B3J 2H8<br>902 425-2599</p>
50 Hats	44.6369054	-63.5730465	Thrift Stores	Nova Scotia								<p>1086 Queen St, Halifax, NS, B3H 2R9<br>902 482-4287</p>
KingsPIER Vintage	44.6501813	-63.5728883	Thrift Stores	Nova Scotia	F: 13:00 T: 17:00	F: 13:00 T: 17:00	F: 13:00 T: 17:00	F: 13:00 T: 17:00	F: 13:00 T: 17:00	F: 13:00 T: 17:00	F: 13:00 T: 17:00	<p>1869 Upper Water St, Halifax, NS, B3J 1S7<br>902 791-1963</p>
Brilliant Clothing Boutique	44.6438358	-63.5771492	Thrift Stores	Nova Scotia	closed	F: 10:00 T: 17:00	F: 10:00 T: 18:00	F: 10:00 T: 18:00	F: 10:00 T: 18:00	F: 10:00 T: 17:00	closed	<p>1539 Birmingham St, Halifax, NS, B3J 2J6<br>902 446-3662</p>
Florence's Collection	44.6504762	-63.5858689	Thrift Stores	Nova Scotia								<p>2055 North Park St, Halifax, NS, B3K 4B2</p>
Bay B Boutique	44.6692629	-63.6087222	Thrift Stores	Nova Scotia	closed	F: 10:00 T: 16:00	F: 10:00 T: 16:00	F: 10:00 T: 16:00	F: 10:00 T: 16:00	F: 10:00 T: 18:00	closed	<p>3548 Novalea Dr, Halifax, NS, B3K 3E8<br>902 454-4107</p>
Once Upon a Child - Halifax	44.6483992	-63.6755531	Thrift Stores	Nova Scotia	F: 10:00 T: 20:00	F: 10:00 T: 20:00	F: 10:00 T: 20:00	F: 10:00 T: 20:00	F: 10:00 T: 20:00	F: 10:00 T: 20:00	F: 11:00 T: 18:00	<p>201 Chain Lake Dr, Halifax, NS, B3S 1C8<br>902 406-2624</p>
REIYEECLOTHING	44.6567742	-63.5962245	Thrift Stores	Nova Scotia	closed	F: 12:00 T: 18:00	F: 12:00 T: 18:00	F: 12:00 T: 18:00	F: 12:00 T: 18:00	F: 12:00 T: 18:00	F: 12:00 T: 18:00	<p>5765 May St, Halifax, NS, B3K 1R8</p>
Value Village	44.6834760	-63.6117895	Thrift Stores	Nova Scotia	F: 10:00 T: 21:00	F: 10:00 T: 21:00	F: 10:00 T: 21:00	F: 10:00 T: 21:00	F: 10:00 T: 21:00	F: 10:00 T: 21:00	F: 10:00 T: 20:00	<p>375 Pleasant St 101, Dartmouth, NS, B2Y 4N4<br>902 463-4054</p>
Dartmouth SPCA Thrift Store	44.7037161	-63.6100459	Thrift Stores	Nova Scotia	F: 10:00 T: 17:00	F: 10:00 T: 17:00	F: 10:00 T: 17:00	F: 10:00 T: 17:00	F: 10:00 T: 17:00	F: 10:00 T: 17:00	F: 10:00 T: 16:00	<p>800a Windmill Rd, Dartmouth, NS, B3B 1T3<br>902 463-1666</p>
Again & Again	47.6160793	-52.7260278	Thrift Stores	Newfoundland & Labrador	closed	closed	F: 10:00 T: 17:30	F: 10:00 T: 17:30	F: 10:00 T: 17:30	F: 10:00 T: 17:30	closed	<p>25 Hebron Way, St. John&#x27;s, NL, A1A 0M1<br>709-793-3720</p>
Beagle Paws Thrift Store	47.5504492	-52.7294385	Thrift Stores	Newfoundland & Labrador	closed	F: 12:00 T: 16:00	F: 12:00 T: 16:00	F: 12:00 T: 16:00	F: 12:00 T: 16:00	F: 12:00 T: 16:00	closed	<p>33 Symonds Ave, St. John&#x27;s, NL, A1E 1S6<br>709-754-7297</p>
Big Eds Second Hand Store	48.9441387	-55.6984060	Thrift Stores	Newfoundland & Labrador	closed	F: 10:00 T: 17:00	F: 10:00 T: 17:00	F: 10:00 T: 17:00	F: 10:00 T: 17:00	F: 10:00 T: 15:00	closed	<p>116 Main Street, Grand Falls-Windsor, NL, A2B 1J7<br>(709) 393-0540</p>
Bombshell by Michelle	47.5236719	-52.7715944	Thrift Stores	Newfoundland & Labrador	F: 11:00 T: 17:00	F: 11:00 T: 17:00	F: 11:00 T: 17:00	F: 11:00 T: 17:00	F: 11:00 T: 17:00	F: 11:00 T: 17:00	F: 12:00 T: 16:00	<p>673 Topsail Rd, St. John&#x27;s, NL, A1E 2E3</p>
Clarenville Area SPCA Thrift Store	48.1713731	-53.9615152	Thrift Stores	Newfoundland & Labrador	F: 10:00 T: 16:00	F: 10:00 T: 16:00	F: 10:00 T: 16:00	F: 10:00 T: 16:00	F: 10:00 T: 16:00	F: 10:00 T: 16:00	closed	<p>277 Marine Dr, Clarenville, NL, A5A 1R5<br>709-433-0004</p>
Dats-A-Goodie	47.5545338	-52.7138884	Thrift Stores	Newfoundland & Labrador	F: 12:30 T: 17:00	F: 12:30 T: 17:00	F: 12:30 T: 17:00	F: 12:30 T: 17:00	F: 12:30 T: 17:00	F: 12:30 T: 17:00	closed	<p>570 Water St, St. John&#x27;s, NL, A1E 1B8<br>709-769-2494</p>
Family Aid Center	47.1701334	-55.1498810	Thrift Stores	Newfoundland & Labrador	F: 09:00 T: 16:00	F: 09:00 T: 16:00	F: 09:00 T: 16:00	F: 09:00 T: 16:00	F: 09:00 T: 16:00	closed	closed	<p>Ville Marie Drive, Marystown, NL, A0E 2M0<br>(709) 279-3156</p>
Found Consignment Boutique	47.5472230	-52.7209659	Thrift Stores	Newfoundland & Labrador	F: 10:00 T: 18:00	F: 10:00 T: 18:00	F: 10:00 T: 18:00	F: 10:00 T: 18:00	F: 10:00 T: 18:00	F: 10:00 T: 18:00	F: 12:00 T: 17:00	<p>1 Waterford Bridge Rd, St. John&#x27;s, NL, A1E 1C5<br>(709) 752-1122</p>
Goodwill Centre	48.6644689	-54.0711010	Thrift Stores	Newfoundland & Labrador	closed	F: 09:00 T: 17:00	F: 09:00 T: 17:00	F: 09:00 T: 17:00	F: 09:00 T: 17:00	F: 09:00 T: 17:00	closed	<p>1 Station Rd, Glovertown, NL, A0G 2L0<br>709-533-2113</p>
Goodwill Centre	48.9589472	-54.5925981	Thrift Stores	Newfoundland & Labrador	F: 09:30 T: 17:00	F: 09:30 T: 17:00	F: 09:30 T: 17:00	F: 09:30 T: 17:00	F: 09:30 T: 17:00	closed	closed	<p>90 Roe Ave, Gander, NL, A1V 1W6</p>
Habitat for Humanity Re-store	47.5522684	-52.7742573	Thrift Stores	Newfoundland & Labrador	F: 10:00 T: 17:00	F: 10:00 T: 17:00	F: 10:00 T: 17:00	F: 10:00 T: 17:00	F: 10:00 T: 17:00	F: 10:00 T: 17:00	closed	<p>323 Kenmount Rd, St. John&#x27;s, NL, A1B 3P9<br>709-753-2721</p>
Interfaith Goodwill Ctr	49.2447506	-55.0568768	Thrift Stores	Newfoundland & Labrador	closed	F: 13:00 T: 16:00	F: 13:00 T: 16:00	F: 13:00 T: 16:00	closed	closed	closed	<p>160 Main St, Lewisporte, NL, A0G 3A0<br>709-535-2551</p>
Little Darlings	47.5189	-52.8082	Thrift Stores	Newfoundland & Labrador	F: 09:00 T: 17:00	F: 09:00 T: 17:00	F: 09:00 T: 17:00	F: 09:00 T: 17:00	F: 09:00 T: 17:00	F: 12:00 T: 17:00	closed	<p>2 Edinburgh Dr, Mount Pearl, NL, A1N 1E7<br>709-747-2888</p>
MHB Thrift Store	47.9310	-56.2540	Thrift Stores	Newfoundland & Labrador	closed	F: 18:00 T: 20:00	F: 13:00 T: 15:00	F: 18:00 T: 20:00	closed	closed	F: 13:00 T: 15:00	<p>78 Main St, Milltown, NL, A0H 1W0<br>709-882-2232</p>
Model Citizens	47.5622015	-52.7109193	Thrift Stores	Newfoundland & Labrador	closed	F: 11:00 T: 17:00	F: 11:00 T: 17:00	F: 11:00 T: 17:00	F: 11:00 T: 17:00	F: 11:00 T: 17:00	F: 12:00 T: 17:00	<p>245 Duckworth St, St. John&#x27;s, NL, A1C 1G8</p>
My Friends Thrift Shop	47.8615646	-53.0918642	Thrift Stores	Newfoundland & Labrador								<p>NL-70, Cupids, NL, A0A 2B0</p>
N & U (Consignment & Resale)	49.7151927	-54.2837244	Thrift Stores	Newfoundland & Labrador								<p>30 Main St, Fogo, NL, A0G 2B0</p>
Neighbourhood	47.5958356	-52.7095836	Thrift Stores	Newfoundland & Labrador	closed	F: 10:00 T: 17:00	F: 10:00 T: 17:00	F: 10:00 T: 17:00	F: 10:00 T: 17:00	F: 10:00 T: 17:00	closed	<p>38 Pearson St., St. John&#x27;s, NL, A1A 3R1<br>709-552-8379</p>
Previously Loved Clothes & Things	47.5488472	-52.7806378	Thrift Stores	Newfoundland & Labrador	F: 10:00 T: 18:00	F: 10:00 T: 18:00	F: 10:00 T: 18:00	F: 10:00 T: 18:00	F: 10:00 T: 18:00	F: 10:00 T: 18:00	F: 10:00 T: 18:00	<p>351 Kenmount Rd, St. John&#x27;s, NL, A1B 3P9<br>709-753-7283</p>
Salvation Army	49.9346116	-56.3871559	Thrift Stores	Newfoundland & Labrador								<p>44 Church Rd, Seal Cove, NL, A0H 2G0<br>709-851-4100</p>
Salvation Army Family Service Centre	49.1722080	-57.4205095	Thrift Stores	Newfoundland & Labrador	F: 10:00 T: 15:30	F: 10:00 T: 15:30	F: 10:00 T: 15:30	F: 10:00 T: 15:30	F: 10:00 T: 15:30	F: 10:00 T: 15:30	closed	<p>17 Main St. N., Deer Lake, NL, A8A 1W7<br>709-635-3377</p>
Salvation Army Family Services	48.9568737	-54.6091531	Thrift Stores	Newfoundland & Labrador	F: 08:30 T: 12:00 and F: 13:00 T: 16:00	F: 08:30 T: 12:00 and F: 13:00 T: 16:00	F: 08:30 T: 12:00 and F: 13:00 T: 16:00	F: 08:30 T: 12:00 and F: 13:00 T: 16:00	F: 08:30 T: 12:00 and F: 13:00 T: 16:00	closed	closed	<p>157 Airport Blvd, Gander, NL, A1V 1K6<br>709-256-4480</p>
Salvation Army Family Thrift Centre	47.7396866	-53.2162367	Thrift Stores	Newfoundland & Labrador								<p>156 Water St., Carbonear, NL, A1Y 1A9<br>(709) 596-2958</p>
Salvation Army Thrift Store	47.1662	-55.1575	Thrift Stores	Newfoundland & Labrador	closed	F: 10:00 T: 17:00	F: 10:00 T: 17:00	F: 10:00 T: 17:00	F: 10:00 T: 16:00	F: 10:00 T: 16:00	closed	<p>407 Creston Blvd, Creston South, NL, A0E 1K0<br>+1 800-725-2769</p>
Salvation Army Thrift Store	47.5253	-54.0013	Thrift Stores	Newfoundland & Labrador	closed	closed	F: 13:00 T: 16:30	F: 13:00 T: 16:30	F: 13:00 T: 16:30	F: 13:00 T: 16:30	closed	<p>249 Main Rd, Arnold&#x27;s Cove, NL, A0B 1A0<br>709-463-2410</p>
Salvation Army Thrift Store	48.9490160	-55.6501516	Thrift Stores	Newfoundland & Labrador	F: 09:00 T: 16:00	F: 09:00 T: 16:00	F: 09:00 T: 16:00	F: 09:00 T: 16:00	F: 09:00 T: 16:00	closed	closed	<p>16 Hardy Avenue, Grand Falls-Windsor, NL, A2A 2P9<br>709-489-7751</p>
Salvation Army Thrift Store	48.5504254	-58.5754635	Thrift Stores	Newfoundland & Labrador	closed	F: 10:30 T: 17:00	F: 10:30 T: 17:00	F: 10:30 T: 17:00	F: 10:30 T: 17:00	F: 10:30 T: 17:00	closed	<p>136 Main Street, Stephenville, NL, A2N 1J3<br>709-643-6611</p>
Salvation Army Thrift Store	48.9600407	-55.6634588	Thrift Stores	Newfoundland & Labrador	F: 09:00 T: 14:00	F: 09:00 T: 14:00	F: 09:00 T: 14:00	F: 09:00 T: 14:00	F: 09:00 T: 14:00	closed	F: 11:00 T: 13:00	<p>27 Park Street, Grand Falls-Windsor, NL, A2B 1C7<br>(709) 489-4432</p>
Salvation Army Thrift Store	47.5725837	-59.1375154	Thrift Stores	Newfoundland & Labrador	closed	F: 10:00 T: 16:30	F: 10:00 T: 16:30	F: 10:00 T: 16:30	F: 10:00 T: 16:30	F: 10:00 T: 16:30	closed	<p>98 Main St. W., Channel-Port aux Basques, NL, A0M 1C0<br>(709) 695-7153</p>
Salvation Army Thrift Store	47.1024206	-55.7577833	Thrift Stores	Newfoundland & Labrador								<p>17 Church Street, Grand Bank, NL, A0E 1W0<br>709-832-2277</p>
Salvation Army Thrift Store	48.9886	-57.6098	Thrift Stores	Newfoundland & Labrador	closed	F: 10:00 T: 16:00	F: 10:00 T: 16:00	F: 10:00 T: 16:00	F: 10:00 T: 16:00	F: 10:00 T: 16:00	closed	<p>West End Industrial Park, Pasadena, NL, A0L 1K0<br>709-686-3443</p>
Salvation Army Thrift Store	48.1471744	-53.9604120	Thrift Stores	Newfoundland & Labrador	F: 09:00 T: 16:00	F: 09:00 T: 16:00	F: 09:00 T: 16:00	F: 09:00 T: 16:00	F: 09:00 T: 16:00	F: 09:00 T: 16:00	closed	<p>347 Memorial Drive, Clarenville, NL, A5A 1R8<br>(709) 466-3337</p>
Salvation Army Thrift Store	51.3631784	-55.5867542	Thrift Stores	Newfoundland & Labrador	F: 13:00 T: 17:00	closed	F: 13:00 T: 17:00	closed	F: 13:00 T: 17:00	F: 13:00 T: 17:00	closed	<p>West St., St. Anthony, NL, A0K 4S0<br>(709) 454-3910</p>
Salvation Army Thrift Store	48.9521296	-57.9533479	Thrift Stores	Newfoundland & Labrador	closed	F: 10:00 T: 16:00	F: 10:00 T: 16:00	F: 10:00 T: 16:00	F: 09:00 T: 16:00	F: 12:00 T: 16:00	F: 13:00 T: 15:20	<p>6 Herald Ave, Corner Brook, NL, A2H 6J3<br>709-634-6153</p>
Salvation Army Thrift Store	49.5025	-56.0696	Thrift Stores	Newfoundland & Labrador								<p>Main St, Springdale, NL, A0J 1T0<br>709-673-3216</p>
Second Chance	47.5277555	-52.8735494	Thrift Stores	Newfoundland & Labrador	F: 09:00 T: 17:00	F: 09:00 T: 17:00	F: 09:00 T: 17:00	F: 09:00 T: 17:00	F: 09:00 T: 17:00	F: 09:00 T: 17:00	F: 09:00 T: 17:00	<p>1676 Topsail Rd, Paradise, NL, A1L 1V5<br>709-782-5524</p>
SPCA Thrift Store	47.5263441	-52.8129514	Thrift Stores	Newfoundland & Labrador	closed	F: 12:00 T: 21:00	F: 12:00 T: 21:00	F: 12:00 T: 21:00	F: 12:00 T: 18:00	F: 11:00 T: 17:00	closed	<p>1062 Topsail Rd Main, Mount Pearl, NL, A1N 5G4<br>(709) 699-8885</p>
Special Olympics Thrift Store	47.5277092	-52.8217708	Thrift Stores	Newfoundland & Labrador	closed	F: 11:00 T: 17:00	F: 11:00 T: 17:00	F: 11:00 T: 17:00	F: 11:00 T: 17:00	F: 10:00 T: 17:00	closed	<p>1154 Topsail Rd, Mount Pearl, NL, A1N 5G4<br>709-769-9649</p>
The Salvation Army	47.0002038	-65.5669528	Thrift Stores	Newfoundland & Labrador	closed	F: 10:00 T: 17:00	F: 10:00 T: 17:00	F: 10:00 T: 17:00	F: 10:00 T: 16:00	F: 10:00 T: 16:00	closed	<p>407 Creston Blvd, Marystown, NL, A0E 2M0<br>+1 800-725-2769</p>
The Salvation Army Sprindale Citadel	49.5108197	-56.1070976	Thrift Stores	Newfoundland & Labrador								<p>156 Little Bay Rd, Springdale, NL, A0J 1T0<br>709-673-3576</p>
The Salvation Army Thrift Store	47.5585334	-52.7523657	Thrift Stores	Newfoundland & Labrador	F: 10:00 T: 20:00	F: 10:00 T: 20:00	F: 10:00 T: 20:00	F: 10:00 T: 20:00	F: 10:00 T: 20:00	F: 10:00 T: 20:00	closed	<p>51 Kenmount Rd, St. John&#x27;s, NL, A1B 3P8<br>709-753-5841</p>
The Salvation Army Thrift Store	47.5204368	-52.9459955	Thrift Stores	Newfoundland & Labrador	F: 09:00 T: 15:00	F: 09:00 T: 15:00	F: 09:00 T: 15:00	F: 09:00 T: 15:00	F: 09:00 T: 15:00	F: 09:00 T: 15:00	closed	<p>274 Conception Bay Hwy, Conception Bay, NL, A1W 5K7<br>(709) 834-2713</p>
The Salvation Army Thrift Store	49.5108197	-56.1070976	Thrift Stores	Newfoundland & Labrador	F: 09:00 T: 17:30	F: 09:00 T: 17:30	F: 09:00 T: 17:30	F: 09:00 T: 17:30	F: 09:00 T: 17:30	F: 10:00 T: 17:00	closed	<p>156 Little Bay, Grand Falls-Windsor, NL, A0J 1T0<br>709-673-3216</p>
The Yard Sale Shop	47.3866292	-53.1242125	Thrift Stores	Newfoundland & Labrador	F: 10:00 T: 17:00	F: 10:00 T: 17:00	F: 10:00 T: 17:00	F: 10:00 T: 17:00	F: 10:00 T: 18:00	F: 10:00 T: 18:00	F: 10:00 T: 16:00	<p>421 NL-60, Holyrood, NL, A0A 2R0<br>709-229-7400</p>
Too Good to Be True	47.5918160	-52.7106877	Thrift Stores	Newfoundland & Labrador	closed	F: 10:00 T: 16:00	F: 10:00 T: 16:00	F: 10:00 T: 18:00	F: 10:00 T: 16:00	F: 10:00 T: 17:00	closed	<p>141 Torbay Rd, St. John&#x27;s, NL, A1L 1H7<br>709-753-4573</p>
Traders Exchange	47.5623998	-52.7422129	Thrift Stores	Newfoundland & Labrador	F: 10:00 T: 21:00	F: 10:00 T: 21:00	F: 10:00 T: 21:00	F: 10:00 T: 21:00	F: 10:00 T: 21:00	F: 10:00 T: 21:00	F: 12:00 T: 17:00	<p>321 Freshwater Rd, St. John&#x27;s, NL, A1B 1C3<br>(709) 754-5960</p>
Value Village	47.5522684	-52.7742573	Thrift Stores	Newfoundland & Labrador	F: 10:00 T: 21:00	F: 10:00 T: 21:00	F: 10:00 T: 21:00	F: 10:00 T: 21:00	F: 10:00 T: 21:00	F: 10:00 T: 21:00	F: 10:00 T: 20:00	<p>161 Kenmount Rd, St. John&#x27;s, NL, A1B 3P9<br>(709) 726-5200</p>
Better Than Before	46.2556164	-63.1295554	Thrift Stores	Prince Edward Island								<p>155 Belvedere Ave, Charlottetown, PE, C1A 2Y9<br>709-636-6922</p>
Church Mouse Thrift Shop	46.2366820	-63.4989994	Thrift Stores	Prince Edward Island	closed	closed	closed	closed	closed	F: 09:00 T: 14:00	closed	<p>391 Nelson St., Crapaud, PE, C0A 1J0<br>902-658-2995</p>
Glitter Ghost clothing and accessories	46.4918965	-63.3465799	Thrift Stores	Prince Edward Island								<p>8779 Route 6, Cavendish, PE, C0A 1N0</p>
Green Isle Thrift Store	46.4232070	-63.7775720	Thrift Stores	Prince Edward Island	F: 09:00 T: 16:00	F: 09:00 T: 16:00	F: 09:00 T: 16:00	F: 09:00 T: 16:00	F: 09:00 T: 16:00	F: 09:00 T: 14:00	closed	<p>27014 PE-2, Summerside, PE, C1N 4J8<br>902-201-0190</p>
Habitat for Humanity Restore	46.2743326	-63.1551114	Thrift Stores	Prince Edward Island	F: 09:00 T: 17:00	F: 09:00 T: 17:00	F: 09:00 T: 17:00	F: 09:00 T: 17:00	F: 09:00 T: 17:00	F: 09:00 T: 17:00	closed	<p>167 Minna Jane Dr., Charlottetown, PE, C1E 2A1<br>902 368-7539</p>
How Bazaar	46.4338320	-63.6449548	Thrift Stores	Prince Edward Island	F: 11:00 T: 18:00	F: 11:00 T: 18:00	F: 11:00 T: 18:00	F: 11:00 T: 18:00	F: 11:00 T: 18:00	F: 11:00 T: 18:00	F: 11:00 T: 18:00	<p>107 Victoria St. W., Kensington, PE, C0B 1M0<br>902-212-5780</p>
Luxury Market Consignment Boutique	46.2334646	-63.1265120	Thrift Stores	Prince Edward Island	F: 12:00 T: 17:00	F: 11:00 T: 17:00	F: 11:00 T: 17:00	F: 11:00 T: 17:00	F: 11:00 T: 17:00	F: 11:00 T: 17:00	closed	<p>94 Queen St., Charlottetown, PE, C1A 4B1<br>902-370-1576</p>
Mission Thrift Store	46.2480237	-63.1254041	Thrift Stores	Prince Edward Island	F: 09:00 T: 17:00	F: 09:00 T: 17:00	F: 09:00 T: 17:00	F: 09:00 T: 17:00	F: 09:00 T: 17:00	F: 09:00 T: 15:00	closed	<p>68 Allen St., Charlottetown, PE, C1A 5A9<br>902-894-4236</p>
My Sisters Closet	46.1669	-62.6481	Thrift Stores	Prince Edward Island	F: 09:00 T: 16:00	F: 09:00 T: 16:00	F: 09:00 T: 16:00	F: 09:00 T: 17:00	F: 09:00 T: 17:00	closed	closed	<p>Downeast Mall, Montague, PE, C0A 1R0<br>902-361-3002</p>
Nearly New Shop	46.1633532	-62.6442251	Thrift Stores	Prince Edward Island	closed	F: 10:00 T: 17:00	F: 10:00 T: 17:00	F: 10:00 T: 17:00	F: 10:00 T: 17:00	F: 10:00 T: 17:00	closed	<p>586 Main St., Montague, PE, C0A 1R0<br>902-838-4995</p>
R & S Frenchy's	46.3899052	-63.7906428	Thrift Stores	Prince Edward Island	F: 10:00 T: 16:00	F: 10:00 T: 16:00	F: 10:00 T: 16:00	F: 10:00 T: 16:00	F: 10:00 T: 16:00	F: 10:00 T: 16:00	closed	<p>255 Heather Moyse Dr., Summerside, PE, C1N 5P1<br>902-724-3515</p>
Repeats Quality Used Family Clothing and Costumes	46.2652399	-63.1551581	Thrift Stores	Prince Edward Island	F: 09:00 T: 17:00	F: 09:00 T: 17:00	F: 09:00 T: 17:00	F: 09:00 T: 17:00	F: 09:00 T: 20:00	F: 09:00 T: 17:00	closed	<p>95 Capital Dr., Charlottetown, PE, C1E 1E8<br>902-892-0200</p>
Rose Cottage Antiques and Gifts	46.3940760	-63.7965870	Thrift Stores	Prince Edward Island	closed	closed	F: 11:00 T: 17:30	F: 11:00 T: 17:30	F: 11:00 T: 17:30	F: 11:00 T: 16:00	closed	<p>401 Water St., Summerside, PE, C1N 1C8<br>902-724-3399</p>
Salvage Garden Consignment	46.0148826	-62.6119150	Thrift Stores	Prince Edward Island	closed	F: 10:00 T: 16:00	F: 10:00 T: 16:00	F: 10:00 T: 16:00	F: 10:00 T: 16:00	F: 10:00 T: 16:00	closed	<p>9389 Main St. N., Murray River, PE, C0A 1W0<br>902-969-8542</p>
Salvation Army	46.3942590	-63.7892386	Thrift Stores	Prince Edward Island	F: 12:30 T: 14:30	closed	F: 12:30 T: 14:30	closed	F: 12:30 T: 14:30	closed	closed	<p>299 Pope Ave, Summerside, PE, C1N 3N6<br>902-436-6044</p>
Salvation Army Thrift Store	46.4237330	-63.8056830	Thrift Stores	Prince Edward Island	closed	F: 09:00 T: 17:00	F: 09:00 T: 17:00	F: 09:00 T: 17:00	F: 09:00 T: 17:00	F: 09:00 T: 17:00	closed	<p>79 All Weather Hwy, Summerside, PE, C1N 5L3<br>902-436-4519</p>
Second Impressions	46.4095	-63.9775	Thrift Stores	Prince Edward Island	closed	F: 10:00 T: 17:00	F: 10:00 T: 17:00	F: 10:00 T: 17:00	F: 10:00 T: 17:00	F: 10:00 T: 15:00	closed	<p>2238 Ohalloran Rd, Bloomfield, PE, C0B 1E0<br>902-856-0403</p>
Second Time Around	46.3563225	-62.2615230	Thrift Stores	Prince Edward Island	closed	closed	F: 10:00 T: 16:00	F: 10:00 T: 16:00	F: 10:00 T: 16:00	F: 10:00 T: 16:00	closed	<p>30 Main St., Souris, PE, C0A 2B0<br>902-687-1715</p>
The Everything Store	46.3945998	-63.7978368	Thrift Stores	Prince Edward Island	F: 10:00 T: 17:00	F: 10:00 T: 17:00	F: 10:00 T: 17:00	F: 10:00 T: 17:00	F: 10:00 T: 17:00	F: 10:00 T: 17:00	F: 12:00 T: 14:00	<p>433 Water St., Summerside, PE, C1N 1C8</p>
The Free Store	46.3903799	-63.7843779	Thrift Stores	Prince Edward Island	closed	closed	closed	closed	closed	F: 12:00 T: 17:00	closed	<p>109 Water St, Summerside, PE, C1N 1A8<br>902-439-4720</p>
The Shoppe	46.6033005	-63.8574682	Thrift Stores	Prince Edward Island	F: 09:00 T: 16:00	closed	F: 09:00 T: 16:00	F: 09:00 T: 16:00	closed	closed	F: 09:00 T: 16:00	<p>19 Indian Feather Path, Lennox Island, PE, C0B 1P0<br>902-831-2380</p>
Value Village	46.2418418	-63.1343049	Thrift Stores	Prince Edward Island	F: 10:00 T: 21:00	F: 10:00 T: 21:00	F: 10:00 T: 21:00	F: 10:00 T: 21:00	F: 10:00 T: 21:00	F: 10:00 T: 21:00	F: 12:00 T: 20:00	<p>339 University Ave., Charlottetown, PE, C1A 4M8<br>902-566-4084</p>
Vintage	46.2547170	-63.6956080	Thrift Stores	Prince Edward Island	F: 11:00 T: 17:00	F: 11:00 T: 17:00	F: 11:00 T: 17:00	F: 11:00 T: 17:00	F: 11:00 T: 18:00	F: 11:00 T: 18:00	F: 11:00 T: 18:00	<p>101 Abegweit Blvd, Borden-Carleton, PE, C0B 1X0<br>902-992-0250</p>
