name	lat	lng	desc	color	icon	categories	subcategory	image_file_name	image_file_size	image_file_hash	image_title	image_height	image_width	image_focal_x	image_focal_y	image_focal_w	image_focal_h	teaser_description	teaser_file_pk	teaser_file	in_person	in_person_radius	in_person_file_pk	in_person_file	in_person_duration	in_person_file_type	in_person_title
Point 1	45.0767330337213	-64.5104956626892	<p><b>Artist:</b> Ellen Cere<br/><b>Mural Site:</b> Kentville Memorial Pool, 125 Park Street<br/><b>Year:</b> 2021</p><p>Artist Statement: Nature plays a fundamental role in everyone’s story. This is a collage of various overlooked elements from our natural community. A diverse ecosystem is the richest.</p>	#e55d2c	brush	Mural	Mural	microsystems.jpg	196263	cdaaf3d82856b0440d329cda5251ba29fecafa5e	microsystems.jpg	1368	1824	None	None	None	None	<p></p>	None	None	False	None	None	None	None	None	None
Point 2	45.0772578073724	-64.495565772996	<p><b>Artist:</b> Lorne Julien<br/><b>Mural Site:</b> 381 Main Street<br/><b>Year:</b> 2021</p><p>Artist Statement: I am a Mi’kmaq artist. The concept of the mural includes many elements that tell a story, the story of my people, my story. The orange colour is honouring residential school survivors and all the children who lost their lives. This is the story of all indigenous people in Canada – all our families have been touched. The eagles represent love, the first of the seven sacred teachings. It talks about the strength and protection of family and the need to keep them together and to heal with love.<br/>It also shows the medicine wheel which holds many sacred teachings and the embedded double curved design representing the Mi’kmaq people.</p>	#f0602c	brush	Mural	Mural	family_resurgence.jpg	1069550	47d1e426cc0932fa4fc99e2f931415e5d9eae03e	family resurgence.jpg	1536	2048	None	None	None	None	<p></p>	None	None	False	None	None	None	None	None	None
Point 3	45.0772388056672	-64.4932035067357	<p><b>Artist:</b> Jaimie Peerless<br/><b>Mural Site:</b> 325 Main Street (behind the building)<br/><b>Year:</b> 2021</p><p>Artist Statement: This art is meant to honour the life of Theresa McAuley Robinson who was murdered by her husband in 1904. The image depicts the beautiful apple orchards in Burlington which was so near and dear to her heart. Theresa was a writer for the local paper; the ripped section is symbolic of her life transforming into a tragic story that marks the pages she once wrote.</p><p>As the story goes, Theresa was married and had several children with her first husband. One day he got very sick and knew that his days were numbered. Back then, a woman was prohibited to own property, so the sick man asked the assistance of a friend to help him find a solution for his wife so that she would not lose the farm in his absence. The friend set him up with his younger brother, William Robinson, who agreed to terms of the contract. This man became very abusive in nature once married to Theresa. A dispute between one of Theresa’s sons ended up in an assault charge where Theresa was called to testify. A few short days after her testimony, the house was set on fire and her charred remains were found dismembered inside.</p><p>The trial was held in Kentville’s newly-built courthouse which was the first courthouse in Nova Scotia to have electricity at the time. It was a fantastic case for its time, not only because of the horrific nature of the crime, but also because of the rage from the local community that demanded justice. William could not escape his transgressions with his smooth tongue and brute intimidation; he was sentenced to death July 27 and hung a few feet away from this mural on September 11, 1904. Mr. Robinson was the last person to be hanged in Kentville.</p>	#f0602c	brush	Mural	Mural	daughter_of_community.jpg	335820	9a01d410e505d62a638e186b50a199a66ef9fe4a	daughter of community.jpg	1440	1440	None	None	None	None	<p></p>	None	None	False	None	None	None	None	None	None
Point 4	45.0769915509479	-64.4951025665181	<p><b>Artist:</b> Celine Gabrielle<br/><b>Mural Site:</b> 366 Main Street<br/><b>Year:</b> 2021</p><p>Artist Statement: I believe the clothes we wear are a part of our stories. One of my personal role models and style icons is my mom who grew up just around the corner on Highland Avenue.</p><p>One Saturday morning in the sixties she went to class at Acadia University in a beautifully tailored pantsuit. It was her way to express her feminist rights for equality. Her professor was not amused, made it clear that there was no place for women’s liberation in that class and threw her out! But that didn’t stop my mom from wearing beautifully tailored pantsuits—or being her own woman.</p>	#f0602c	brush	Mural	Mural	sassy_pants.jpg	71469	8cde18aaaeb0e4f8e5837022cb6bcbbfa6ff3592	sassy pants.jpg	834	834	None	None	None	None	<p></p>	None	None	False	None	None	None	None	None	None
Point 5	45.077244416482	-64.4953198287991	<p><b>Artist:</b> Paloma Dawkins<br/><b>Mural Site:</b> 373 Main Street<br/><b>Title:</b> A New Wave<br/><b>Year:</b> 2021</p><p>Artist Statement: I hope that we all reemerge from this pandemic with a renewed sense of hope and clarity, and that is what the water means to me. Nova Scotia has some of the most beautiful Oceanscapes I’ve ever seen and being close to the ocean this year was very healing during isolation. Every wave brings opportunities for cleansing and every tide brings new treasures to the beach!</p>	#f0602c	brush	Mural	Mural	the_wave.jpg	189674	c2c74c9cf5428172f2212067573bce5c80df3de4	the wave.jpg	960	960	None	None	None	None	<p></p>	None	None	False	None	None	None	None	None	None
Point 6	45.0760652335328	-64.4916326135413	<p><i>Photo credit: Aperture 16 Photography</i></p><p><b>Artist:</b> Sarah Cannon<br/><b>Mural Site:</b> 17 Leverett Ave.<br/><b>Year:</b> 2021</p><p>Artist Statement: Duck Marsh depicts a Blue and Green Winged Teal duck in a marsh surrounded by blue joint and spike rush plants. The concept is inspired by a hike at the Migratory Bird Sanctuary in Kentville. Specifically, the work draws from the delight I experienced learning about new types of duck species that pass through the sanctuary. Duck Marsh examines how curiosity and exploration of nature contributes to cultivating positive mental health and well-being.</p>	#f0602c	brush	Mural	Mural	duckmarsh.jpg	120944	bb83c88982065609b4728721733cb1fc1fd858fe	duckmarsh.jpg	682	1024	None	None	None	None	<p></p>	None	None	False	None	None	None	None	None	None
Point 7	45.077898799741	-64.495814742293	<p><b>Artists:</b> Kristen DePalma<br/><b>Mural Site:</b> 54 Webster Street (around back)<br/><b>Year:</b> 2022</p><p>Artist Statement: Exploring the small towns of Nova Scotia is one of my favourite things to do – there is something unique about every single one, and that always traces back to the people that live there. Kentville’s connected community contributes to a special sense of place where both residents and visitors feel at home. I want to bring this pride in place to life with a mural that makes people feel connected to Kentville and where they are at that present moment. For fun – see if you can find all the nods to The Wizard of Oz reference hidden in the mural!</p>	#f0602c	brush	Mural	Mural	noplacelikekentville.jpg	208240	aeaa225f65b6be84ff94022a1cb5c057546f383d	noplacelikekentville.jpg	768	1024	None	None	None	None	<p></p>	None	None	False	None	None	None	None	None	None
Point 8	45.0772958735152	-64.4952962031827	<p><b>Artists: </b>Jaimie &amp; Aaron Peerless<br/><b>Mural Site: </b>373 Main Street<br/><b>Year: </b>2022</p><p>Artist statement: My artistic connection to this community started back in the 90’s when this whimsical fellow started painting murals around the town. I grew up admiring him and always wanted to have the opportunity to tell stories and create artwork for others to appreciate. Little did I know that 30 years later I would be doing just that, and in my hometown no less!</p><p>Years ago, Matthew had murals throughout the Annapolis Valley and beyond. He was a very well-known and respected artist who started painting murals around the communities as a way to spread joy through public art. The self-portrait located on this site was one the last remaining mural and was practically faded away from the brick wall.  After receiving special permission to paint over the old mural, I thought it was only fitting to create a mural which would honour this great man. Hopefully this piece will inspire a new generation to do what they love and embrace who they are. Matthew told me a few weeks ago that not a lot of people get the privilege of living their truth, and that artists are lucky.  Thank you Matthew Cupido for being the gentle breeze that patiently blew a seed through time which grew into this very mural festival.</p>	#f0602c	brush	Mural	Mural	artisticvisionary.jpg	232766	2ffadc84cef8077f154dd943ca79adb1808bcc00	artisticvisionary.jpg	768	1024	None	None	None	None	<p></p>	None	None	False	None	None	None	None	None	None
Point 9	45.0778146099181	-64.4971503797919	<p><b>Artists:</b> Mural collaboration by Cameryn Mattie, Sarah Mosher, Monique Silver, Don (Byrd) Awalt and people from the surrounding community.<br/> <b>Mural Site:</b> 26 Aberdeen (behind T.A.N. Coffee)<br/><b>Year:</b> 2022</p><p>Artist Statement: We are reflecting on the land Asoqmapskiajk (Kentville, Acadie) resides on. The ecology of the land continues to play an integral role in the growth of Valley communities. With this in mind, our mural highlights native plants in the area at a large scale. These medicinal, wild plants of Mi’kma’ki symbolize sustenance, prosperity and coming together as a community. Our mural depicts Malteweknejkl (Bloodroot), Wataptek lketu (yellow mushroom), Mikoqewik (Northern Pitcher Plant), and Msiku Nipik Wataptek Wasuek (Grass Leaved Goldenrod). We are so thankful for the Mi’kmaq language research of Don (Byrd) Awalt, giving the gift of language visibility and accessibility.</p><p>The beautifully winding Abiskaq Sibou (Cornwallis River, Riviere des Habitants) is the centerpiece of the Valley. The river represents farming and the sustenance of the community which are resurging in importance especially due to our current ecological crisis. The river connects us to the past, present and future. In Asoqmapskiajk we celebrate local language and culture, community connection to the land, and how the land takes care of us across generations.</p><p>This mural stands in Asoqmapskiajk, Mi’kma’ki, on the ancestral and unceded territory of the Mi’kmaq. This territory is covered by the Peace and Friendship Treaties that the Wabanaki People (Mi’kmaq, Wolastoqiyik, Passamaquoddy, Abenaki, and Penobscot) signed with the British Crown. These treaties did not deal with the surrender of land and resources but recognized the Mi’kmaq title and established the rules for the relationship between the parties. These rules still govern how we are to treat each other today. Everyone on this land is covered under these treaties, and it is for this reason we say we are all Treaty People, with a responsibility to respect and uphold these inherent rights. We are so grateful to live, work and learn on this territory</p>	#f0602c	brush	Mural	Mural	northernpitcherplant.jpg	209657	2a88433bc2f11dfb40ec2812c31cf47dfab30b9a	northernpitcherplant.jpg	1024	1024	None	None	None	None	<p></p>	None	None	False	None	None	None	None	None	None
Point 10	45.0756535591086	-64.4891885877154	<p><b>Artist: </b>Justin Fraser-Fong<br/><b>Mural Site: </b>245 Main Street<br/><b>Year: </b>2022</p><p>Artist Statement: The old Dominion Atlantic Railway system reminds me of stories my mother and her sister would tell me about travelling from Yarmouth to Halifax. The stories glorified the journey with epic tales of laughing, playing cards and sharing memories on the coach car. I remember hearing about days stopping in Kenville for shopping, going out to dinner, and having drinks. The tales highlighted how special and essential the railway was in connecting us as Nova Scotians, bringing us in and out of Kentville. There is something powerful about the train – the engine car commands respect in its ability to power a community of travelers.</p>	#f0602c	brush	Mural	Mural	lostdominion.jpg	210032	1a4bdcf8c49f0b38a6ae237c6331101ad407f987	lostdominion.jpg	1024	1024	None	None	None	None	<p></p>	None	None	False	None	None	None	None	None	None
Point 11	45.0773490780417	-64.4959408840563	<p><b>Artist:</b> Jason Skinner with Crypt and Stella<br/><b>Mural Site:</b> 395 Main Street<br/><b>Year:</b> 2022</p><p>Artist Statement: Against a pastel background, with an exaggerated bright pallet, and loose brushwork, <i>Community Crossing</i> depicts local wildlife interacting as they cross the span of the mural. The micro interactions between the various species depicted, reflects the same small acts we do to connect with one another in our community that make it a positive, supporting and compassionate place to live. Two Canada geese casually talking about the weather, a coyote making sure the fox is crossing safely and a black bear overseeing it all are some of the animals you see.</p>	#f0602c	brush	Mural	Mural	community_crossing.jpg	245840	773d2d3dad44879e3346bbeed11f2a81608116cb	community crossing.jpg	757	1174	None	None	None	None	<p></p>	None	None	False	None	None	None	None	None	None
Point 12	45.0768916017904	-64.4958713294253	<p><b>Artist:</b> Jaimie Peerless<br/><b>Mural Site:</b> 390 Main Street<br/><b>Year:</b> 2022</p><p>Artist Statement: After 2 plus years of planning, and a lot of help from the community, Jaimie Peerless was pleased to announce the celebration and reveal of her mural which honours the illustrious life and boxing career of local hero Bryan Gibson (Olympian, Coach, and Referee). Erected May 24th, 2022 in the Kentville Public Gardens. The 12 x 24 foot installation can be found on the West facing wall of the Kings Arms Pub by Lew Murphy&#x27;s (390 Main Street).</p>	#f0602c	brush	Mural	Mural	bryan_gibson.jpg	754280	339a9c14c71e1d81c51c88e2f2350700842572a6	bryan gibson.jpg	358	699	None	None	None	None	<p></p>	None	None	False	None	None	None	None	None	None
Point 13	45.0779149189707	-64.4939343631268	<p><b>Artist:</b> Alan Syliboy<br/><b>Mural Site:</b> 37 Cornwallis Street<br/><b>Year:</b> 2021</p><p>Artist Statement: When asked what inspired him to paint the mural, Syliboy said he’s been incorporating the story of Little Thunder into his work for many years. The story resonates with him and has served as a source of artistic inspiration because it hasn’t been affected by other cultures.</p>	#f0602c	brush	Mural	Mural	alan_syliboy.jpg	691454	51e719a8172cc611e13f477256c2dab176931c72	alan syliboy.jpg	1440	1440	None	None	None	None	<p></p>	None	None	False	None	None	None	None	None	None
Point 14	45.0766505679079	-64.4931805558095	<p><b>Artist:</b> Trackside Studios<br/><b>Mural Site:</b> 325 Main Street<br/><b>Year:</b> 2019</p><p>Artist Statement: The apple blossoms in the mural serve as a nod to when the front of the Cornwallis Inn was covered in vines and the entrance was a beautiful garden.</p>	#f0602c	brush	Mural	Mural	annapolisvalley.jpg	859828	26bb7eeb55bf0f852a340b7c520a08a8c903d172	annapolisvalley.jpg	1440	2560	None	None	None	None	<p></p>	None	None	False	None	None	None	None	None	None
Point 15	45.0788703	-64.4959067	<p><b>Artist:</b> Edwin Hollett<br/><b>Mural Site:</b> Station Lane<br/><b>Year:</b> 2018</p><p>Artist Statement: The Dominion Atlantic Railway, Kentville (2011, exterior oil paint) is a 60 foot (18.3 metre) mural commemorating the Kentville train station. While this scene of a steam locomotive and its passenger cars pulling in to the station is from the 1930s, the DAR ran for 100 years from 1894 to 1994. Corporate headquarters were in London, UK, and then Montreal, but its operational headquarters were always in Kentville.</p>	#f0602c	brush	Mural	Mural	DAR_Mural.jpg	427298	2ec6b0c7a3ef3776c73938a15ec664e7c2997bdc	DAR Mural.jpg	1542	2048	None	None	None	None	<p></p>	None	None	False	None	None	None	None	None	None
Point 16	45.0788467968528	-64.4955904071179	<p><b>Artist:</b> Edwin Hollett<br/><b>Mural Site:</b> Station Lane<br/><b>Year:</b> 2017</p><p>Artist Statement: You can find this piece on the opposite side of the warehouse wall showing the train station. The mural depicts Kentville as it was at various times over the past 150 years. The mural has 15 panels with 23 scenes of old-time Kentville; most of the scenes show buildings that have long since vanished.</p>	#f0602c	brush	Mural	Mural	memory_lane_3.jpg	641032	6fbd9eb62d15ee7e2117d52071b756af5c4b7ab8	memory lane 3.jpg	1542	2048	None	None	None	None	<p></p>	None	None	False	None	None	None	None	None	None
Point 17	45.0773539210747	-64.4958575779937	<p><b>Artist:</b> Miyoshi Kondo<br/><b>Mural Site:</b> 395 Main Street<br/><b>Year:</b> 2018</p><p>Artist Statement: Artist Miyoshi Kondo created the mural, measuring eight feet by ten feet, to depict Kentville’s past and present, showcasing buildings that once existed in Kentville and current ones too. The concept for the mural is the history and development of a town, in this case Kentville, represented by the changing architecture. It is a whimsical nod to the past, present and future.</p>	#f0602c	brush	Mural	Mural	miyoshi_kondo.jpg	295880	a2616a914683801c9b2893cd805dded07f440612	miyoshi kondo.jpg	780	1213	None	None	None	None	<p></p>	None	None	False	None	None	None	None	None	None
Point 18	45.080949385418	-64.4936875430283	<p><b>Artist:</b> Andrea Manica<br/><b>Site: </b>At the Belcher and Cornwallis intersection<br/><b>Year:</b> 2023</p><p>A bicyclist travels in a green area which reflects the surrounding space, and the trails along Miner&#x27;s Marsh. A large bird population gathers at the Marsh, too. Colourful circles on the sides of the box are an abstract representation of paths and continuing cycles of nature.</p>	#f0602c	brush	Mural	Mural	361160704_624687309636481_6014032663208414190_n.jpg	420296	08d1a372e39d41a9f671c512cd5e962f85675862	361160704_624687309636481_6014032663208414190_n.jpg	2048	2048	None	None	None	None	<p></p>	None	None	False	None	None	None	None	None	None
Point 19	45.0785223185007	-64.4986616080127	<p><b>Artist:</b> Andrea Manica<br/><b>Site: </b>Barricades next to Fire Hall<br/><b>Year:</b> 2023</p><p>I sought inspiration from vintage Romanian tapestries for this mural. This is an ode to my family, as my Romanian grandparents and father immigrated to Canada and lived on the East Coast for many years before moving to Ontario. It is also fitting that these barricades sit adjacent to a hockey arena as my father is a huge hockey fan, and so was my grandfather.</p>	#f0602c	brush	Mural	Mural	361112759_1448081519350246_691799926509851250_n.jpg	313640	bdf9e9e9bcd8da8098d152ecb98353a2e9412039	361112759_1448081519350246_691799926509851250_n.jpg	1542	2048	None	None	None	None	<p></p>	None	None	False	None	None	None	None	None	None
Point 20	45.077282073704	-64.4954874660162	<p><b>Artist:</b> Andrea Manica<br/><b>Site:</b> 379 Main Street<br/><b>Year:</b> 2023</p><p>This piece shows the vibrancy of Centre Square. Blossoms and pumpkins represent the Apple Blossom and Harvest Festivals that take place in Kentville each year. The Square hosts musical jam nights and dog training sessions, which bring people (and pets) together. A table full of fresh market produce sits in the middle of the mural, as the square hosts farmers markets weekly. I wanted my piece to highlight how a dedicated public space can enrich and strengthen community.</p>	#f0602c	brush	Mural	Mural	361623204_695700865930963_5585190013476748371_n.jpg	897270	3624558924b68596aeb4805c515311f361ddab0a	361623204_695700865930963_5585190013476748371_n.jpg	1440	1440	None	None	None	None	<p></p>	None	None	False	None	None	None	None	None	None
Point 21	45.0773507809985	-64.4960434595029	<p><b>Artists:</b> Carolyn Mallory, Mark McCrone, Peter Gordon, Bob Hainstock, José Urbay (Tides Contemporary Art Gallery collective)<br/> <b>Site:</b> 401 Main Street<br/><b>Year:</b> 2023</p><p>At the dawn of the twentieth century, although the first car was developed in 1886, there were mostly carriages and horses on Nova Scotia dirt roads. In our very own community of Kentville, the Nova Scotia Carriage Company was on Cornwallis Street in 1868. In the late 1890s, the company was operating at a loss making only 120 vehicles in a year. Things turned around when the company incorporated in 1898 and both manufacturing and sales rose. By 1907, the company had 34 different models of carriages in its catalogue. It was a tumultuous history with the rise of the automobile, but even under different ownership, the company added cars to its manufacturing, and flourished for a few more years adding over 100 more models of carriages and sleighs to their repertoire, along with 12 different models of cars. With the beginning of the First World War, the downturn in the economy, and an expansion move to Amherst, the company failed to thrive and ended its run in 1914. This piece of history is inspiration for our mural concept, showcasing an important moment in Kentville&#x27;s history. Kentville was a place of innovation, creativity, manufacturing, and advertising prowess. Even before the McKay brothers took over the company, it was known for its quality workmanship—a history to be proud of.</p>	#f0602c	brush	Mural	Mural	IMG_5964.jpg	1422654	5851906723b81c2a36883b7e89b085d0bb7e7e19	IMG_5964.jpg	1130	1920	None	None	None	None	<p></p>	None	None	False	None	None	None	None	None	None
Point 22	45.0773653665192	-64.495809513388	<p><b>Artist:</b> Rachel Anzalone<br/><b>Site:</b> 395 Main Street<br/><b>Year:</b> 2023</p><p>While on a walk one evening, and curious to find another entrance to the Harvest Moon Trail, I<br/>unexpectedly came across a herd of deer. They stood on a grassy field cautiously observing the<br/>landscape. Before I took another step, they scattered very quickly and dispersed into the brush.<br/>Deer are my whispers of home. They reflect and resemble subtle memories of where I came<br/>from.</p>	#f0602c	brush	Mural	Mural	whispers.jpg	322737	397a395c659209cc311171944fd9eb14e92d5c9e	whispers.jpg	1080	1080	None	None	None	None	<p></p>	None	None	False	None	None	None	None	None	None
Point 23	45.0775392381986	-64.4948351761581	"<p><b>Artist:</b> Justin Fraser-Fong (Donnie)<br/><b>Site:</b> 353 Main Street<br/><b>Year:</b> 2024</p><p>A mural will be created on the wall of Valley Stove &amp; Cycle paying tribute to the cycling culture here in Kentville. </p><p></p><p>This mural is supported by <a href=""http://www.morseconstruction.com/"">Morse Construction</a>.</p>"	#f06028	brush	Mural	Mural	images.jpg	11201	f8a409c47f8b5ffd91b8cd1876bec71ebea7c755	images.jpg	225	225	None	None	None	None	<p></p>	None	None	False	None	None	None	None	None	None
Point 24	45.0756740233256	-64.4892886595245	<p><b>Artist:</b> Fiona vanWilgenburg<br/><b>Site: </b>245 Main Street<br/><b>Year:</b> 2024</p><p>The mural design roughly depicts an incredible battle that took place in the small Italian town of Castle Di Sangro in mid November of 1943, between members of the West Nova Scotia Regiment, and German forces.<br/></p><p>The Germans held one key strong point, an old Italian monastery atop a steep cliff known as “”Hill 1009””. At first the WSNR scaled the cliff in the sleet and rain, exhausted, experiencing heavy enemy fire, falls off the cliff, suffering several losses as well as loosing others as POW’s, and losing all radio communication. The next day, the WSNR reattempted to take the hill, and successfully did so. They received the Battle Honour of “”Castle Di Sangro”” for the heroic acts that took place.<br/></p><p>In 2017, The town of Castel Di Sangro and Kentville became twin Towns, because of the special wartime connection they had.<br/></p><p>The design is a depiction of this historic battle, the deep connection we will forever have with the small Italian town, and hopefully serves to memorialize and honor those that made the ultimate sacrifice.</p>	#f0602c	brush	Mural	Mural	416633b6-6b50-452a-877d-5bec66422acd.jpg	224382	80d66af3b23c64314ab9a5efb73bb894b280da80	416633b6-6b50-452a-877d-5bec66422acd.jpg	2048	1365	None	None	None	None	<p></p>	None	None	False	None	None	None	None	None	None
Point 25	45.0773029223418	-64.4958328975359	"<p><b>Artist:</b> Juele Hortie<br/><b>Mural Site:</b> 395 Main Street (side of building)<br/><b>Year:</b> 2024<br/></p><p>For the Wabenaki Peoples of Mi’kma’ki, the hero-God Glooskap takes the form of a giant beaver who uses his enormous tail to slash through the salt waters of the Minas Basin. Upheaving the earth with the sheer force of Glooskap’s passing, five small remnants of North Mountain rock are left behind in his wake.</p><p>These are the Five Islands. The history of the beaver is deeply interwoven in the colonial project, in which countless beavers were killed to support the fur trade and European high fashion. It would be careless not to gesture towards this colonial history in my proposed work. The giant beaver must first destroy the Fundy landscape before he can create land anew which echoes the role that everyday beavers play in the ecosystem as disruptors and creators.</p><p></p><p>This mural is supported by <a href=""https://www.parsonsinvestments.ca/"">Parsons Investments</a>.</p>"	#f0602c	brush	Mural	Mural	81058922-3e2a-40ae-b494-7bbde57c5621.jpg	182003	e78eed7f72b063d2d38cb2dda88108a53bd58c59	81058922-3e2a-40ae-b494-7bbde57c5621.jpg	2048	1365	None	None	None	None	<p></p>	None	None	False	None	None	None	None	None	None
Point 26	45.0776694701779	-64.4975746061516	<p><b>Artist:</b> Marja &amp; Stella<br/><b>Mural Site:</b> 437 Main Street (side of building)<br/><b>Year:</b> 2024</p><p>This is a collaborative artwork by a Yoruba and an Igbo artist. It showcases the unity and diversity within Nigeria. The piece features a vibrant dynamic colors and intricate patterns which symbolize the rich cultural heritage of the Yoruba and Igbo, while their harmonious exchange represents national unity. This artwork celebrates the beauty of Nigeria&#x27;s diverse traditions, emphasizing that, despite differences, there is strength and cohesion in our shared identity. Through this visual narrative, the artists illustrate how Nigeria&#x27;s varied cultural landscapes come together to create a unified and resilient nation. This artwork serves as a visual testament to the enduring unity and shared identity of Nigeria&#x27;s diverse peoples.</p>	#f0602c	brush	Mural	Mural	a103c5e9-30b8-4391-a97d-bb31bdb582c3.jpg	243614	abb4898be80e843e0d6012aefaeec4eff83cbaf9	a103c5e9-30b8-4391-a97d-bb31bdb582c3.jpg	2048	1365	None	None	None	None		None	None	False	None	None	None	None	None	None
