name	lat	lng	category	subcategory	description	phone	website	address	hours_mon	hours_tue	hours_wed	hours_thu	hours_fri	hours_sat	hours_sun	image_file
Kings County Museum	45.07779439999999	-64.49394480000001	Landmark	Museum	"<b>Kings County Museum</b><br><i>37 Bridge St, Kentville, NS B4N 2E2, Canada</i><br>Tel: (902) 678-6237<br><a href=""http://www.kingscountymuseum.ca/"">http://www.kingscountymuseum.ca/</a>"	(902) 678-6237	http://www.kingscountymuseum.ca/	37 Bridge St, Kentville, NS B4N 2E2, Canada	closed	F: 10:00 T: 16:00	F: 10:00 T: 16:00	F: 10:00 T: 16:00	F: 10:00 T: 16:00	F: 10:00 T: 16:00	closed	kings-county-museum.jpg
Kentville Historical Society	45.0788188	-64.4948812	Landmark	Museum	"<b>Kentville Historical Society</b><br><i>66 Station Ln, Kentville, NS B4N 0A3, Canada</i><br>Tel: (902) 375-2137<br><a href=""http://www.kentvillehistoricalsociety.ca/"">http://www.kentvillehistoricalsociety.ca/</a>"	(902) 375-2137	http://www.kentvillehistoricalsociety.ca/	66 Station Ln, Kentville, NS B4N 0A3, Canada	closed	F: 10:00 T: 16:00	F: 10:00 T: 16:00	F: 10:00 T: 16:00	F: 10:00 T: 16:00	F: 10:00 T: 16:00	F: 13:00 T: 16:00	kentville-historical-society.jpg
Studio 14 Gifts & Gallery	45.0833205	-64.4006471	Landmark	Gallery	"<b>Studio 14 Gifts & Gallery</b><br><i>10032 Nova Scotia Trunk 1, Wolfville, NS B4P 2R2, Canada</i><br>Tel: (902) 697-1414<br><a href=""http://www.facebook.com/studio14giftsandgallery"">http://www.facebook.com/studio14giftsandgallery</a>"	(902) 697-1414	http://www.facebook.com/studio14giftsandgallery	10032 Nova Scotia Trunk 1, Wolfville, NS B4P 2R2, Canada	F: 12:00 T: 17:00	F: 10:00 T: 17:00	F: 10:00 T: 17:00	F: 10:00 T: 17:00	F: 10:00 T: 17:00	F: 10:00 T: 17:00	F: 12:00 T: 17:00	studio-14-gifts-gallery.jpg
Tides Art Gallery	45.077308	-64.4961028	Landmark	Gallery	"<b>Tides Art Gallery</b><br><i>401D Main St, Kentville, NS B4N 1K7, Canada</i><br>Tel: (902) 365-3322<br><a href=""http://www.tidescontemporaryartgallery.com/"">http://www.tidescontemporaryartgallery.com/</a>"	(902) 365-3322	http://www.tidescontemporaryartgallery.com/	401D Main St, Kentville, NS B4N 1K7, Canada	closed	closed	F: 10:00 T: 17:00	F: 10:00 T: 17:00	F: 10:00 T: 17:00	F: 10:00 T: 17:00	F: 12:00 T: 17:00	tides-art-gallery.jpg
Art Lessons	45.0780576	-64.5020468	Landmark	Gallery	<b>Art Lessons</b><br><i>521 Main St, Kentville, NS B4N 1L4, Canada</i><br>Tel: (902) 300-9980	(902) 300-9980		521 Main St, Kentville, NS B4N 1L4, Canada	closed	closed	closed	closed	closed	closed	F: 00:00 T: 24:00	art-lessons.jpg
Little Community Library and Cabinet	45.06551499999999	-64.45545779999999	Landmark	Library	<b>Little Community Library and Cabinet</b><br><i>116 Highland Ave, New Minas, NS B4N 3K4, Canada</i>			116 Highland Ave, New Minas, NS B4N 3K4, Canada	closed	closed	closed	closed	closed	closed	F: 00:00 T: 24:00	little-community-library-and-cabinet.jpg
Little Library	45.0629132	-64.4606724	Landmark	Library	<b>Little Library</b><br><i>2 Danielle Dr S, New Minas, NS B4N 5C9, Canada</i>			2 Danielle Dr S, New Minas, NS B4N 5C9, Canada	closed	closed	closed	closed	closed	closed	F: 00:00 T: 24:00	little-library.jpg
Little Library	45.0586524	-64.46099579999999	Landmark	Library	<b>Little Library</b><br><i>1020 Catherine Crescent, New Minas, NS B4N 3Z7, Canada</i>			1020 Catherine Crescent, New Minas, NS B4N 3Z7, Canada	closed	closed	closed	closed	closed	closed	F: 00:00 T: 24:00	little-library.jpg
Kentville Library	45.076897	-64.4975235	Landmark	Library	"<b>Kentville Library</b><br><i>440 Main St, Kentville, NS B4N 1R5, Canada</i><br>Tel: (902) 679-2544<br><a href=""http://www.valleylibrary.ca/branch/kentville-library"">http://www.valleylibrary.ca/branch/kentville-library</a>"	(902) 679-2544	http://www.valleylibrary.ca/branch/kentville-library	440 Main St, Kentville, NS B4N 1R5, Canada	closed	F: 12:00 T: 20:00	F: 10:00 T: 18:00	F: 12:00 T: 20:00	F: 10:00 T: 18:00	F: 10:00 T: 17:00	closed	kentville-library.jpg
Port Williams - Murdoch C. Smith Memorial Library	45.0987166	-64.4108979	Landmark	Library	"<b>Port Williams - Murdoch C. Smith Memorial Library</b><br><i>1045 Main St, Port Williams, NS B0P 1T0, Canada</i><br>Tel: (902) 542-3005<br><a href=""http://www.valleylibrary.ca/branch/port-williams-murdoch-c-smith-memorial-library"">http://www.valleylibrary.ca/branch/port-williams-murdoch-c-smith-memorial-library</a>"	(902) 542-3005	http://www.valleylibrary.ca/branch/port-williams-murdoch-c-smith-memorial-library	1045 Main St, Port Williams, NS B0P 1T0, Canada	closed	F: 15:00 T: 20:00	F: 10:00 T: 15:00	F: 15:00 T: 20:00	F: 10:00 T: 15:00	F: 10:00 T: 15:00	closed	
Little Library	45.1055998	-64.4080018	Landmark	Library	<b>Little Library</b><br><i>135 Collins Rd, Port Williams, NS B0P 1T0, Canada</i>			135 Collins Rd, Port Williams, NS B0P 1T0, Canada	closed	closed	closed	closed	closed	closed	F: 00:00 T: 24:00	little-library.jpg
Orchard Valley United Church	45.0742831	-64.4446822	Landmark	Religious	"<b>Orchard Valley United Church</b><br><i>130 Cornwallis Ave, New Minas, NS B4N 3M7, Canada</i><br>Tel: (902) 681-0366<br><a href=""http://orchardvalleyunited.ca/"">http://orchardvalleyunited.ca/</a>"	(902) 681-0366	http://orchardvalleyunited.ca/	130 Cornwallis Ave, New Minas, NS B4N 3M7, Canada	F: 08:00 T: 12:00	F: 08:00 T: 12:00	F: 08:00 T: 12:00	F: 08:00 T: 12:00	closed	closed	F: 09:00 T: 12:00	orchard-valley-united-church.jpg
Kings Presbyterian Church	45.0583035	-64.465491	Landmark	Religious	"<b>Kings Presbyterian Church</b><br><i>5563 Prospect Rd, New Minas, NS B4N 3Z8, Canada</i><br>Tel: (902) 681-1333<br><a href=""https://kingschurch.ca/"">https://kingschurch.ca/</a>"	(902) 681-1333	https://kingschurch.ca/	5563 Prospect Rd, New Minas, NS B4N 3Z8, Canada								
New Minas Seventh Day Adventist Church	45.0747896	-64.4305628	Landmark	Religious	"<b>New Minas Seventh Day Adventist Church</b><br><i>9509 Commercial St, New Minas, NS B4N 3G3, Canada</i><br>Tel: (902) 681-1034<br><a href=""https://newminasns.adventistchurch.org/"">https://newminasns.adventistchurch.org/</a>"	(902) 681-1034	https://newminasns.adventistchurch.org/	9509 Commercial St, New Minas, NS B4N 3G3, Canada								new-minas-seventh-day-adventist-church.jpg
Hope Center Family Church	45.075952	-64.425181	Landmark	Religious	"<b>Hope Center Family Church</b><br><i>9593 Commercial St, New Minas, NS B4N 3G5, Canada</i><br>Tel: (902) 681-4673<br><a href=""https://www.hopecentre316.ca/"">https://www.hopecentre316.ca/</a>"	(902) 681-4673	https://www.hopecentre316.ca/	9593 Commercial St, New Minas, NS B4N 3G5, Canada								hope-center-family-church.jpg
Kingsway Assembly (PAOC)	45.0847055	-64.48030539999999	Landmark	Religious	"<b>Kingsway Assembly (PAOC)</b><br><i>242 Belcher St, Kentville, NS B4N 1E4, Canada</i><br>Tel: (902) 678-3455<br><a href=""http://kingswayassembly.net/"">http://kingswayassembly.net/</a>"	(902) 678-3455	http://kingswayassembly.net/	242 Belcher St, Kentville, NS B4N 1E4, Canada	F: 09:00 T: 16:00	F: 09:00 T: 16:00	F: 09:00 T: 16:00	F: 09:00 T: 16:00	closed	closed	closed	kingsway-assembly-paoc.jpg
The Church of Jesus Christ of Latter-day Saints	45.0874477	-64.4691948	Landmark	Religious	"<b>The Church of Jesus Christ of Latter-day Saints</b><br><i>440 Belcher St, Kentville, NS B4N 3V5, Canada</i><br>Tel: (902) 679-2798<br><a href=""https://local.churchofjesuschrist.org/en/ca/ns/kentville/440-belcher-street?utm_source=gmb&utm_medium=yext&y_source=1_NjcwODUwNTYtNzE1LWxvY2F0aW9uLndlYnNpdGU%3D"">https://local.churchofjesuschrist.org/en/ca/ns/kentville/440-belcher-street?utm_source=gmb&utm_medium=yext&y_source=1_NjcwODUwNTYtNzE1LWxvY2F0aW9uLndlYnNpdGU%3D</a>"	(902) 679-2798	https://local.churchofjesuschrist.org/en/ca/ns/kentville/440-belcher-street?utm_source=gmb&utm_medium=yext&y_source=1_NjcwODUwNTYtNzE1LWxvY2F0aW9uLndlYnNpdGU%3D	440 Belcher St, Kentville, NS B4N 3V5, Canada	F: 09:00 T: 18:00	F: 09:00 T: 18:00	F: 09:00 T: 18:00	F: 09:00 T: 18:00	F: 09:00 T: 18:00	F: 09:00 T: 18:00	F: 10:00 T: 13:00	the-church-of-jesus-christ-of-latter-day-saints.jpg
St Joseph's Catholic Church Office	45.0809644	-64.4921117	Landmark	Religious	"<b>St Joseph's Catholic Church Office</b><br><i>43 Chapel Hill, Kentville, NS B4N 2C8, Canada</i><br>Tel: (902) 678-3303<br><a href=""https://www.halifaxyarmouth.org/parishes-2/parish-directory/item/saint-joseph-church-kentville"">https://www.halifaxyarmouth.org/parishes-2/parish-directory/item/saint-joseph-church-kentville</a>"	(902) 678-3303	https://www.halifaxyarmouth.org/parishes-2/parish-directory/item/saint-joseph-church-kentville	43 Chapel Hill, Kentville, NS B4N 2C8, Canada	F: 08:30 T: 16:30	F: 08:30 T: 16:30	F: 08:30 T: 16:30	F: 08:30 T: 16:30	F: 08:30 T: 16:30	closed	closed	st-joseph-s-catholic-church-office.jpg
St. Joseph's Roman Catholic Church	45.08094	-64.4929203	Landmark	Religious	"<b>St. Joseph's Roman Catholic Church</b><br><i>43 Belcher St, Kentville, NS B4N 3X3, Canada</i><br>Tel: (902) 678-3303<br><a href=""http://www.corpuschristins.ca/"">http://www.corpuschristins.ca/</a>"	(902) 678-3303	http://www.corpuschristins.ca/	43 Belcher St, Kentville, NS B4N 3X3, Canada								st-joseph-s-roman-catholic-church.jpg
Port Williams United Baptist Church	45.0982145	-64.4106829	Landmark	Religious	"<b>Port Williams United Baptist Church</b><br><i>1031 NS-358, Port Williams, NS B0P 1T0, Canada</i><br>Tel: (902) 542-3495<br><a href=""http://www.pwubc.org/"">http://www.pwubc.org/</a>"	(902) 542-3495	http://www.pwubc.org/	1031 NS-358, Port Williams, NS B0P 1T0, Canada	closed	F: 09:00 T: 12:00	closed	F: 09:00 T: 12:00	closed	closed	F: 10:00 T: 11:30	port-williams-united-baptist-church.jpg
The Salvation Army Church	45.08787880000001	-64.4946671	Landmark	Religious	"<b>The Salvation Army Church</b><br><i>15 Nichols Ave, Kentville, NS B4N 2G9, Canada</i><br>Tel: (902) 678-2039<br><a href=""https://m.facebook.com/thesalvationarmykentville/"">https://m.facebook.com/thesalvationarmykentville/</a>"	(902) 678-2039	https://m.facebook.com/thesalvationarmykentville/	15 Nichols Ave, Kentville, NS B4N 2G9, Canada	closed	F: 13:00 T: 16:00	F: 09:30 T: 12:30	F: 13:00 T: 16:00	F: 09:30 T: 12:30	closed	closed	the-salvation-army-church.jpg
New Minas Baptist Church	45.07412799999999	-64.43393999999999	Landmark	Religious	"<b>New Minas Baptist Church</b><br><i>9453 Commercial St, New Minas, NS B4N 3G3, Canada</i><br>Tel: (902) 681-7683<br><a href=""http://www.nmbc.ca/"">http://www.nmbc.ca/</a>"	(902) 681-7683	http://www.nmbc.ca/	9453 Commercial St, New Minas, NS B4N 3G3, Canada	F: 09:00 T: 12:00	F: 09:00 T: 12:00	F: 09:00 T: 12:00	F: 09:00 T: 12:00	F: 09:00 T: 12:00	closed	F: 09:00 T: 13:00	new-minas-baptist-church.jpg
Blessed buds church	45.0696854	-64.44392189999999	Landmark	Religious	"<b>Blessed buds church</b><br><i>34 Cornwallis Ave, New Minas, NS B4N 3M7, Canada</i><br><a href=""https://blessedbudschurch.com/"">https://blessedbudschurch.com/</a>"		https://blessedbudschurch.com/	34 Cornwallis Ave, New Minas, NS B4N 3M7, Canada								blessed-buds-church.jpg
First Kings Cong Christian Church	45.097465	-64.413946	Landmark	Religious	<b>First Kings Cong Christian Church</b><br><i>1011 High St, Port Williams, NS B0P 1T0, Canada</i><br>Tel: (902) 542-0439	(902) 542-0439		1011 High St, Port Williams, NS B0P 1T0, Canada								
Anglican Rectory	45.0755998	-64.49315829999999	Landmark	Religious	<b>Anglican Rectory</b><br><i>14 Highland Ave, Kentville, NS B4N 2K8, Canada</i><br>Tel: (902) 678-2760	(902) 678-2760		14 Highland Ave, Kentville, NS B4N 2K8, Canada								
Saint James' Anglican Church Hall	45.0760928	-64.4933724	Landmark	Religious	"<b>Saint James' Anglican Church Hall</b><br><i>18 Prospect Ave, Kentville, NS B4N 2K7, Canada</i><br>Tel: (902) 678-3123<br><a href=""http://www.stjameskentville.ca/"">http://www.stjameskentville.ca/</a>"	(902) 678-3123	http://www.stjameskentville.ca/	18 Prospect Ave, Kentville, NS B4N 2K7, Canada								saint-james-anglican-church-hall.jpg
Reach	45.07830999999999	-64.49513	Landmark	Religious	"<b>Reach</b><br><i>35 Webster St #202, Kentville, NS B4N 1H4, Canada</i><br>Tel: (902) 670-7590<br><a href=""http://reachgoodnews.com/"">http://reachgoodnews.com/</a>"	(902) 670-7590	http://reachgoodnews.com/	35 Webster St #202, Kentville, NS B4N 1H4, Canada								
St John's Anglican Church	45.1100035	-64.43336479999999	Landmark	Religious	<b>St John's Anglican Church</b><br><i>NS-358 & Church St, Port Willams, NS B0P 1T0, Canada</i><br>Tel: (902) 542-9845	(902) 542-9845		NS-358 & Church St, Port Willams, NS B0P 1T0, Canada								st-john-s-anglican-church.jpg
Kentville United Baptist Church	45.0778776	-64.5010018	Landmark	Religious	"<b>Kentville United Baptist Church</b><br><i>503 Main St, Kentville, NS B4N 1L4, Canada</i><br>Tel: (902) 678-3162<br><a href=""http://kentvillebaptist.org/"">http://kentvillebaptist.org/</a>"	(902) 678-3162	http://kentvillebaptist.org/	503 Main St, Kentville, NS B4N 1L4, Canada	closed	closed	F: 18:15 T: 19:30	closed	closed	closed	closed	
Kentville Town Hall	45.0768287	-64.4948469	Landmark	Civic	"<b>Kentville Town Hall</b><br><i>354 Main St, Kentville, NS B4N 2M6, Canada</i><br>Tel: (902) 679-2500<br><a href=""http://kentville.ca/"">http://kentville.ca/</a>"	(902) 679-2500	http://kentville.ca/	354 Main St, Kentville, NS B4N 2M6, Canada	F: 08:30 T: 16:30	F: 08:30 T: 16:30	F: 08:30 T: 16:30	F: 08:30 T: 16:30	F: 08:30 T: 16:30	closed	closed	kentville-town-hall.jpg
Miner's Marsh	45.0798652	-64.4887928	Landmark	Historic	"<b>Miner's Marsh</b><br><i>Barclay St, Kentville, NS B4N 1H1, Canada</i><br>Tel: (902) 679-2500<br><a href=""https://kentville.ca/parks-and-recreation/parks/miners-marsh"">https://kentville.ca/parks-and-recreation/parks/miners-marsh</a>"	(902) 679-2500	https://kentville.ca/parks-and-recreation/parks/miners-marsh	Barclay St, Kentville, NS B4N 1H1, Canada	closed	closed	closed	closed	closed	closed	F: 00:00 T: 24:00	miner-s-marsh.jpg
Lockhart Ryan Disc Golf Course	45.07478529999999	-64.4359849	Landmark	Historic	"<b>Lockhart Ryan Disc Golf Course</b><br><i>9443 Commercial St, New Minas, NS B4N 3G3, Canada</i><br><a href=""https://newminas.com/disc-golf-course"">https://newminas.com/disc-golf-course</a>"		https://newminas.com/disc-golf-course	9443 Commercial St, New Minas, NS B4N 3G3, Canada								lockhart-ryan-disc-golf-course.jpg
The Kentville Ravine	45.0672247	-64.4756799	Landmark	Historic	<b>The Kentville Ravine</b><br><i>Main St, Kentville, NS B4N 1J5, Canada</i>			Main St, Kentville, NS B4N 1J5, Canada	F: 05:00 T: 23:00	F: 05:00 T: 23:00	F: 05:00 T: 23:00	F: 05:00 T: 23:00	F: 05:00 T: 23:00	F: 05:00 T: 23:00	F: 05:00 T: 23:00	the-kentville-ravine.jpg
Kentville Research & Development Centre	45.0691686	-64.477194	Landmark	Historic	"<b>Kentville Research & Development Centre</b><br><i>32 Main St, Kentville, NS B4N 1J5, Canada</i><br><a href=""https://profils-profiles.science.gc.ca/en/research-centre/kentville-research-and-development-centre"">https://profils-profiles.science.gc.ca/en/research-centre/kentville-research-and-development-centre</a>"		https://profils-profiles.science.gc.ca/en/research-centre/kentville-research-and-development-centre	32 Main St, Kentville, NS B4N 1J5, Canada								kentville-research-development-centre.jpg
Eaves Hollow	45.07186710000001	-64.4779472	Landmark	Historic	"<b>Eaves Hollow</b><br><i>19 Main St, Kentville, NS B4N 3C5, Canada</i><br><a href=""https://kentville.ca/parks-and-recreation/biking-and-cycling"">https://kentville.ca/parks-and-recreation/biking-and-cycling</a>"		https://kentville.ca/parks-and-recreation/biking-and-cycling	19 Main St, Kentville, NS B4N 3C5, Canada								eaves-hollow.jpg
Miner's Marsh Hiking Trail	45.079692	-64.48576539999999	Landmark	Historic	<b>Miner's Marsh Hiking Trail</b><br><i>11 Fox Hollow Dr #5, Kentville, NS B4N 5R2, Canada</i>			11 Fox Hollow Dr #5, Kentville, NS B4N 5R2, Canada	closed	closed	closed	closed	closed	closed	F: 00:00 T: 24:00	miner-s-marsh-hiking-trail.jpg
Oakdene Park	45.0842697	-64.4920199	Landmark	Historic	"<b>Oakdene Park</b><br><i>46 Campbell Rd, Kentville, NS B4N 1Y1, Canada</i><br>Tel: (902) 679-2539<br><a href=""https://www.kentville.ca/parks-and-recreation/parks/oakdene-park"">https://www.kentville.ca/parks-and-recreation/parks/oakdene-park</a>"	(902) 679-2539	https://www.kentville.ca/parks-and-recreation/parks/oakdene-park	46 Campbell Rd, Kentville, NS B4N 1Y1, Canada	F: 11:00 T: 19:00	F: 11:00 T: 19:00	F: 11:00 T: 19:00	F: 11:00 T: 19:00	F: 11:00 T: 19:00	F: 11:00 T: 19:00	F: 11:00 T: 19:00	oakdene-park.jpg
Hennigar's Farm Market	45.085269	-64.3864012	Landmark	Historic	"<b>Hennigar's Farm Market</b><br><i>10272, Nova Scotia Trunk 1, Wolfville, NS B4P 2R2, Canada</i><br>Tel: (902) 542-3503<br><a href=""https://hennigars.com/"">https://hennigars.com/</a>"	(902) 542-3503	https://hennigars.com/	10272, Nova Scotia Trunk 1, Wolfville, NS B4P 2R2, Canada	F: 08:00 T: 21:00	F: 08:00 T: 21:00	F: 08:00 T: 21:00	F: 08:00 T: 21:00	F: 08:00 T: 21:00	F: 08:00 T: 21:00	F: 08:00 T: 21:00	hennigar-s-farm-market.jpg
Gourmet by Nature Wild Food and Tours	45.112506	-64.41804499999999	Landmark	Historic	<b>Gourmet by Nature Wild Food and Tours</b><br><i>1365 Church St, Port Williams, NS B0P 1T0, Canada</i>			1365 Church St, Port Williams, NS B0P 1T0, Canada								
NSCC - Kingstec Campus	45.0856569	-64.4814863	Landmark	Education	"<b>NSCC - Kingstec Campus</b><br><i>236 Belcher St, Kentville, NS B4N 0A6, Canada</i><br>Tel: (902) 678-7341<br><a href=""https://www.nscc.ca/"">https://www.nscc.ca/</a>"	(902) 678-7341	https://www.nscc.ca/	236 Belcher St, Kentville, NS B4N 0A6, Canada	F: 07:00 T: 22:00	F: 07:00 T: 22:00	F: 07:00 T: 22:00	F: 07:00 T: 22:00	F: 07:00 T: 20:00	F: 09:00 T: 17:00	closed	nscc-kingstec-campus.jpg
Cineplex Cinemas New Minas	45.06767809999999	-64.46304649999999	Landmark	Cultural	"<b>Cineplex Cinemas New Minas</b> — Modern multiplex cinema chain screening the latest Hollywood films, plus new independent releases.<br><i>8944 Commercial St, New Minas, NS B4N 3C9, Canada</i><br>Tel: (902) 681-8080<br><a href=""http://www.cineplex.com/Theatre/cineplex-cinemas-new-minas?utm_source=google&utm_medium=organic&utm_campaign=local&utm_content=CPXNewMinas"">http://www.cineplex.com/Theatre/cineplex-cinemas-new-minas?utm_source=google&utm_medium=organic&utm_campaign=local&utm_content=CPXNewMinas</a>"	(902) 681-8080	http://www.cineplex.com/Theatre/cineplex-cinemas-new-minas?utm_source=google&utm_medium=organic&utm_campaign=local&utm_content=CPXNewMinas	8944 Commercial St, New Minas, NS B4N 3C9, Canada	F: 14:30 T: 19:15	F: 14:30 T: 19:15	F: 14:30 T: 19:15	F: 14:30 T: 19:15	F: 14:30 T: 22:05	F: 11:30 T: 22:05	F: 11:30 T: 19:15	cineplex-cinemas-new-minas.jpg
Kentville	45.0771182	-64.49428259999999	Landmark	Landmark	"<b>Kentville</b><br><i>Kentville, NS, Canada</i><br><a href=""http://www.kentville.ca/"">http://www.kentville.ca/</a>"		http://www.kentville.ca/	Kentville, NS, Canada								kentville.jpg
Old Orchard Inn	45.07388599999999	-64.401663	Landmark	Landmark	"<b>Old Orchard Inn</b> — Relaxed hotel offering traditional rooms & cabins, plus casual dining, an indoor pool & a spa.<br><i>153 Greenwich Rd S, Greenwich, NS B4P 0J6, Canada</i><br>Tel: (902) 542-5751<br><a href=""https://oldorchardinn.com/"">https://oldorchardinn.com/</a>"	(902) 542-5751	https://oldorchardinn.com/	153 Greenwich Rd S, Greenwich, NS B4P 0J6, Canada	closed	closed	closed	closed	closed	closed	F: 00:00 T: 24:00	old-orchard-inn.jpg
Slumber Inn	45.0567735	-64.4668523	Landmark	Landmark	"<b>Slumber Inn</b> — Low-key rooms in a relaxed hotel offering complimentary breakfast, hot drinks & WiFi.<br><i>5534 Prospect Rd, New Minas, NS B4N 3K8, Canada</i><br>Tel: (902) 681-5000<br><a href=""http://www.slumberinn.ca/"">http://www.slumberinn.ca/</a>"	(902) 681-5000	http://www.slumberinn.ca/	5534 Prospect Rd, New Minas, NS B4N 3K8, Canada	closed	closed	closed	closed	closed	closed	F: 00:00 T: 24:00	slumber-inn.jpg
The UPS Store	45.0686995	-64.4559975	Landmark	Landmark	"<b>The UPS Store</b> — Store offering shipping, packaging, printing & other services, plus office supplies.<br><i>9049 Commercial St New Minas Plaza, New Minas, NS B4N 3E3, Canada</i><br>Tel: (902) 681-1829<br><a href=""http://theupsstore.ca/198"">http://theupsstore.ca/198</a>"	(902) 681-1829	http://theupsstore.ca/198	9049 Commercial St New Minas Plaza, New Minas, NS B4N 3E3, Canada	F: 08:30 T: 18:00	F: 08:30 T: 18:00	F: 08:30 T: 18:00	F: 08:30 T: 18:00	F: 08:30 T: 18:00	F: 10:00 T: 15:00	closed	the-ups-store.jpg
Boston Pizza	45.06814259999999	-64.4423479	Landmark	Landmark	"<b>Boston Pizza</b><br><i>9278 Commercial St, New Minas, NS B4N 3E9, Canada</i><br>Tel: (902) 678-4643<br><a href=""https://bostonpizza.com/en/locations/new-minas.html"">https://bostonpizza.com/en/locations/new-minas.html</a>"	(902) 678-4643	https://bostonpizza.com/en/locations/new-minas.html	9278 Commercial St, New Minas, NS B4N 3E9, Canada	F: 11:00 T: 00:00	F: 11:00 T: 00:00	F: 11:00 T: 00:00	F: 11:00 T: 00:00	F: 11:00 T: 01:00	F: 11:00 T: 01:00	F: 11:00 T: 00:00	boston-pizza.jpg
Sobeys New Minas	45.066241	-64.444566	Landmark	Landmark	"<b>Sobeys New Minas</b><br><i>9256 Commercial St, New Minas, NS B4N 4A9, Canada</i><br>Tel: (902) 681-3723<br><a href=""https://www.sobeys.com/stores/sobeys-new-minas/?f=789&utm_source=G&utm_medium=lpm&utm_campaign=Sobeys"">https://www.sobeys.com/stores/sobeys-new-minas/?f=789&utm_source=G&utm_medium=lpm&utm_campaign=Sobeys</a>"	(902) 681-3723	https://www.sobeys.com/stores/sobeys-new-minas/?f=789&utm_source=G&utm_medium=lpm&utm_campaign=Sobeys	9256 Commercial St, New Minas, NS B4N 4A9, Canada	F: 07:00 T: 22:00	F: 07:00 T: 22:00	F: 07:00 T: 22:00	F: 07:00 T: 22:00	F: 07:00 T: 22:00	F: 07:00 T: 22:00	F: 07:00 T: 22:00	sobeys-new-minas.jpg
Atlantic Superstore Commercial Street	45.06752	-64.45584699999999	Landmark	Landmark	"<b>Atlantic Superstore Commercial Street</b><br><i>9064 Commercial St, New Minas, NS B4N 3E4, Canada</i><br>Tel: (902) 681-0665<br><a href=""https://www.atlanticsuperstore.ca/store-locator/details/0344?utm_source=G&utm_medium=LPM&utm_campaign=Loblaws"">https://www.atlanticsuperstore.ca/store-locator/details/0344?utm_source=G&utm_medium=LPM&utm_campaign=Loblaws</a>"	(902) 681-0665	https://www.atlanticsuperstore.ca/store-locator/details/0344?utm_source=G&utm_medium=LPM&utm_campaign=Loblaws	9064 Commercial St, New Minas, NS B4N 3E4, Canada	F: 07:00 T: 22:00	F: 07:00 T: 22:00	F: 07:00 T: 22:00	F: 07:00 T: 22:00	F: 07:00 T: 22:00	F: 07:00 T: 22:00	F: 07:00 T: 20:00	atlantic-superstore-commercial-street.jpg
NAPA Auto Parts - NAPA New Minas	45.0705275	-64.4715512	Landmark	Landmark	"<b>NAPA Auto Parts - NAPA New Minas</b><br><i>8793 Commercial St, New Minas, NS B4N 3C4, Canada</i><br>Tel: (902) 681-8944<br><a href=""https://www.napacanada.com/en/ns/new-minas/store/1000334?utm_source=G&utm_medium=local&utm_campaign=google-local"">https://www.napacanada.com/en/ns/new-minas/store/1000334?utm_source=G&utm_medium=local&utm_campaign=google-local</a>"	(902) 681-8944	https://www.napacanada.com/en/ns/new-minas/store/1000334?utm_source=G&utm_medium=local&utm_campaign=google-local	8793 Commercial St, New Minas, NS B4N 3C4, Canada	F: 07:30 T: 17:30	F: 07:30 T: 17:30	F: 07:30 T: 17:30	F: 07:30 T: 17:30	F: 07:30 T: 17:30	F: 08:00 T: 13:00	closed	napa-auto-parts-napa-new-minas.jpg
Tim Hortons	45.0681371	-64.4556874	Landmark	Landmark	"<b>Tim Hortons</b> — Canadian chain for signature premium-blend coffee, plus light fare, pastries & breakfast sandwiches.<br><i>9061 Commercial St, New Minas, NS B4N 3E6, Canada</i><br>Tel: (902) 681-2253<br><a href=""https://locations.timhortons.ca/en/ns/new-minas/9061-commercial-st"">https://locations.timhortons.ca/en/ns/new-minas/9061-commercial-st</a>"	(902) 681-2253	https://locations.timhortons.ca/en/ns/new-minas/9061-commercial-st	9061 Commercial St, New Minas, NS B4N 3E6, Canada	closed	closed	closed	closed	closed	closed	F: 00:00 T: 24:00	tim-hortons.jpg
Greensboro Inn	45.06730169999999	-64.459344	Landmark	Landmark	"<b>Greensboro Inn</b> — Relaxed rooms in a laid-back roadside motel with a Chinese restaurant & an indoor pool.<br><i>9016 Commercial St, New Minas, NS B4N 3E2, Canada</i><br>Tel: (902) 681-3201<br><a href=""http://www.greensboromotelns.com/"">http://www.greensboromotelns.com/</a>"	(902) 681-3201	http://www.greensboromotelns.com/	9016 Commercial St, New Minas, NS B4N 3E2, Canada	F: 10:00 T: 20:00	F: 10:00 T: 20:00	F: 10:00 T: 20:00	F: 10:00 T: 20:00	F: 10:00 T: 20:00	F: 10:00 T: 20:00	F: 10:00 T: 20:00	greensboro-inn.jpg
U-Haul Neighborhood Dealer	45.0927633	-64.4919658	Landmark	Landmark	"<b>U-Haul Neighborhood Dealer</b><br><i>139 Nichols Ave, Kentville, NS B4N 5E4, Canada</i><br>Tel: (902) 678-1941<br><a href=""https://www.uhaul.com/Locations/Truck-Rentals-near-Kentville-NS-B4N5E4/058409/?utm_source=gmb&utm_medium=primary&utm_campaign=uhaulsmlm&utm_content=058409"">https://www.uhaul.com/Locations/Truck-Rentals-near-Kentville-NS-B4N5E4/058409/?utm_source=gmb&utm_medium=primary&utm_campaign=uhaulsmlm&utm_content=058409</a>"	(902) 678-1941	https://www.uhaul.com/Locations/Truck-Rentals-near-Kentville-NS-B4N5E4/058409/?utm_source=gmb&utm_medium=primary&utm_campaign=uhaulsmlm&utm_content=058409	139 Nichols Ave, Kentville, NS B4N 5E4, Canada	F: 08:00 T: 17:00	F: 08:00 T: 17:00	F: 08:00 T: 17:00	F: 08:00 T: 17:00	F: 08:00 T: 17:00	F: 08:00 T: 14:00	F: 10:00 T: 14:00	u-haul-neighborhood-dealer.jpg
Jessy's Pizza	45.0675771	-64.46375619999999	Landmark	Landmark	"<b>Jessy's Pizza</b><br><i>8934 Commercial St, New Minas, NS B4N 3C9, Canada</i><br>Tel: (902) 678-7777<br><a href=""https://jessyspizza.ca/"">https://jessyspizza.ca/</a>"	(902) 678-7777	https://jessyspizza.ca/	8934 Commercial St, New Minas, NS B4N 3C9, Canada	F: 11:00 T: 22:00	F: 11:00 T: 22:00	F: 11:00 T: 22:00	F: 11:00 T: 22:00	F: 11:00 T: 22:00	F: 11:00 T: 22:00	F: 15:00 T: 21:00	jessy-s-pizza.jpg
Dollarama	45.06865699999999	-64.45646599999999	Landmark	Landmark	"<b>Dollarama</b><br><i>9049 Commercial St New Minas Court, New Minas, NS B4N 5A4, Canada</i><br>Tel: (888) 365-4266<br><a href=""https://www.dollarama.com/en-CA/locations/ns/new-minas-9049-commercial-st?utm_source=G&utm_medium=LPM&utm_campaign=Dollarama"">https://www.dollarama.com/en-CA/locations/ns/new-minas-9049-commercial-st?utm_source=G&utm_medium=LPM&utm_campaign=Dollarama</a>"	(888) 365-4266	https://www.dollarama.com/en-CA/locations/ns/new-minas-9049-commercial-st?utm_source=G&utm_medium=LPM&utm_campaign=Dollarama	9049 Commercial St New Minas Court, New Minas, NS B4N 5A4, Canada	F: 08:00 T: 21:00	F: 08:00 T: 21:00	F: 08:00 T: 21:00	F: 08:00 T: 21:00	F: 08:00 T: 21:00	F: 08:00 T: 21:00	F: 08:00 T: 21:00	dollarama.jpg
Walmart Supercentre	45.069001	-64.45303129999999	Landmark	Landmark	"<b>Walmart Supercentre</b><br><i>9097 Commercial St, New Minas, NS B4N 3E6, Canada</i><br>Tel: (902) 681-4271<br><a href=""https://www.walmart.ca/en/store/3738?utm_source=local&utm_medium=listings&utm_campaign=sc&cmpid=gmb"">https://www.walmart.ca/en/store/3738?utm_source=local&utm_medium=listings&utm_campaign=sc&cmpid=gmb</a>"	(902) 681-4271	https://www.walmart.ca/en/store/3738?utm_source=local&utm_medium=listings&utm_campaign=sc&cmpid=gmb	9097 Commercial St, New Minas, NS B4N 3E6, Canada	F: 07:00 T: 22:00	F: 07:00 T: 22:00	F: 07:00 T: 22:00	F: 07:00 T: 22:00	F: 07:00 T: 22:00	F: 07:00 T: 22:00	F: 07:00 T: 22:00	walmart-supercentre.jpg
Bell Aliant	45.06655310000001	-64.4417239	Landmark	Landmark	"<b>Bell Aliant</b><br><i>9256 Commercial St Level 1, New Minas, NS B4N 4A9, Canada</i><br>Tel: (902) 681-1591<br><a href=""http://storelocator.bell.ca/bellca/en/NS/New-Minas/Bell-Aliant-County-Fair-Mall/BA238?y_source=1_MjkzOTA3My03MTUtbG9jYXRpb24ud2Vic2l0ZQ=="">http://storelocator.bell.ca/bellca/en/NS/New-Minas/Bell-Aliant-County-Fair-Mall/BA238?y_source=1_MjkzOTA3My03MTUtbG9jYXRpb24ud2Vic2l0ZQ==</a>"	(902) 681-1591	http://storelocator.bell.ca/bellca/en/NS/New-Minas/Bell-Aliant-County-Fair-Mall/BA238?y_source=1_MjkzOTA3My03MTUtbG9jYXRpb24ud2Vic2l0ZQ==	9256 Commercial St Level 1, New Minas, NS B4N 4A9, Canada	F: 09:30 T: 18:00	F: 09:30 T: 18:00	F: 09:30 T: 18:00	F: 09:30 T: 19:00	F: 09:30 T: 19:00	F: 09:30 T: 18:00	F: 12:00 T: 17:00	bell-aliant.jpg
The Head Shoppe - New Minas	45.06872980000001	-64.4568558	Landmark	Landmark	"<b>The Head Shoppe - New Minas</b><br><i>Kings, Subd. C, 9049 Commercial St, Kings County, NS B4N 3E6, Canada</i><br>Tel: (902) 681-1355<br><a href=""https://www.headshoppe.ca/"">https://www.headshoppe.ca/</a>"	(902) 681-1355	https://www.headshoppe.ca/	Kings, Subd. C, 9049 Commercial St, Kings County, NS B4N 3E6, Canada	F: 09:00 T: 21:00	F: 09:00 T: 21:00	F: 09:00 T: 21:00	F: 09:00 T: 21:00	F: 09:00 T: 17:00	F: 09:00 T: 16:00	closed	the-head-shoppe-new-minas.jpg
Staples	45.0687725	-64.4540669	Landmark	Landmark	"<b>Staples</b> — Chain retailer offering brand-name electronics & print services, plus office supplies & furniture.<br><i>9081 Commercial St, New Minas, NS B4N 3E6, Canada</i><br>Tel: (902) 681-3840<br><a href=""https://stores.staples.ca/ns/newminas/office-supplies-ca-149.html"">https://stores.staples.ca/ns/newminas/office-supplies-ca-149.html</a>"	(902) 681-3840	https://stores.staples.ca/ns/newminas/office-supplies-ca-149.html	9081 Commercial St, New Minas, NS B4N 3E6, Canada	F: 09:00 T: 18:00	F: 09:00 T: 18:00	F: 09:00 T: 18:00	F: 09:00 T: 18:00	F: 09:00 T: 18:00	F: 10:00 T: 17:00	F: 12:00 T: 17:00	staples.jpg
Subway	45.0677496	-64.451045	Landmark	Landmark	"<b>Subway</b> — Casual counter-serve chain for build-your-own sandwiches & salads, with health-conscious options.<br><i>9141 Commercial St, New Minas, NS B4N 3E6, Canada</i><br>Tel: (902) 365-3505<br><a href=""https://restaurants.subway.com/canada/ns/new-minas/9141-commercial-st?utm_source=yxt-goog&utm_medium=local&utm_term=acq&utm_content=5791&utm_campaign=evergreen-2020&y_source=1_MTQ5MjAyNzUtNzE1LWxvY2F0aW9uLndlYnNpdGU%3D"">https://restaurants.subway.com/canada/ns/new-minas/9141-commercial-st?utm_source=yxt-goog&utm_medium=local&utm_term=acq&utm_content=5791&utm_campaign=evergreen-2020&y_source=1_MTQ5MjAyNzUtNzE1LWxvY2F0aW9uLndlYnNpdGU%3D</a>"	(902) 365-3505	https://restaurants.subway.com/canada/ns/new-minas/9141-commercial-st?utm_source=yxt-goog&utm_medium=local&utm_term=acq&utm_content=5791&utm_campaign=evergreen-2020&y_source=1_MTQ5MjAyNzUtNzE1LWxvY2F0aW9uLndlYnNpdGU%3D	9141 Commercial St, New Minas, NS B4N 3E6, Canada	F: 07:00 T: 23:00	F: 07:00 T: 23:00	F: 07:00 T: 23:00	F: 07:00 T: 23:00	F: 07:00 T: 23:00	F: 07:00 T: 23:00	F: 07:00 T: 23:00	subway.jpg
Mud Creek Medical	45.068817	-64.47059999999999	Landmark	Landmark	"<b>Mud Creek Medical</b><br><i>21 Roy Ave, New Minas, NS B4N 3R7, Canada</i><br>Tel: (902) 542-3633<br><a href=""https://mudcreekmedical.ca/"">https://mudcreekmedical.ca/</a>"	(902) 542-3633	https://mudcreekmedical.ca/	21 Roy Ave, New Minas, NS B4N 3R7, Canada	F: 09:00 T: 15:30	F: 09:00 T: 15:30	F: 09:00 T: 19:30	F: 09:00 T: 19:30	F: 09:00 T: 14:00	closed	closed	
Noggins Corner Farm Market	45.0828115	-64.4027855	Landmark	Landmark	"<b>Noggins Corner Farm Market</b><br><i>10009 Nova Scotia Trunk 1, Wolfville, NS B4P 2R2, Canada</i><br>Tel: (902) 542-5515<br><a href=""http://www.nogginsfarm.ca/"">http://www.nogginsfarm.ca/</a>"	(902) 542-5515	http://www.nogginsfarm.ca/	10009 Nova Scotia Trunk 1, Wolfville, NS B4P 2R2, Canada	F: 08:00 T: 20:00	F: 08:00 T: 20:00	F: 08:00 T: 20:00	F: 08:00 T: 20:00	F: 08:00 T: 20:00	F: 08:00 T: 20:00	F: 08:00 T: 20:00	noggins-corner-farm-market.jpg
Video World TV, Stereo, & Appliance	45.07012649999999	-64.47305589999999	Landmark	Landmark	"<b>Video World TV, Stereo, & Appliance</b><br><i>15 Kentucky Ct, New Minas, NS B4N 4N1, Canada</i><br>Tel: (902) 681-0262<br><a href=""https://www.videoworld.ca/"">https://www.videoworld.ca/</a>"	(902) 681-0262	https://www.videoworld.ca/	15 Kentucky Ct, New Minas, NS B4N 4N1, Canada	F: 09:00 T: 17:00	F: 09:00 T: 17:00	F: 09:00 T: 17:00	F: 09:00 T: 17:00	F: 09:00 T: 17:00	F: 09:00 T: 17:00	closed	video-world-tv-stereo-appliance.jpg
Sushi Fang	45.0703208	-64.4725873	Landmark	Landmark	"<b>Sushi Fang</b><br><i>7 Kentucky Ct, New Minas, NS B4N 4N1, Canada</i><br>Tel: (902) 681-0709<br><a href=""https://www.clover.com/online-ordering/sushi-fang-new-minas"">https://www.clover.com/online-ordering/sushi-fang-new-minas</a>"	(902) 681-0709	https://www.clover.com/online-ordering/sushi-fang-new-minas	7 Kentucky Ct, New Minas, NS B4N 4N1, Canada	F: 11:00 T: 20:00	F: 11:00 T: 20:30	F: 11:00 T: 20:30	F: 11:00 T: 20:30	F: 11:00 T: 21:00	F: 11:00 T: 21:00	F: 12:00 T: 20:30	sushi-fang.jpg
Scotiabank	45.06751329999999	-64.4519512	Landmark	Landmark	"<b>Scotiabank</b><br><i>9129 Commercial St, New Minas, NS B4N 3E6, Canada</i><br>Tel: (902) 681-6108<br><a href=""https://locator.scotiabank.com/branch/41053"">https://locator.scotiabank.com/branch/41053</a>"	(902) 681-6108	https://locator.scotiabank.com/branch/41053	9129 Commercial St, New Minas, NS B4N 3E6, Canada	F: 09:30 T: 17:00	F: 09:30 T: 17:00	F: 09:30 T: 17:00	F: 09:30 T: 17:00	F: 09:30 T: 17:00	closed	closed	
Giant Tiger	45.0678734	-64.4371524	Landmark	Landmark	"<b>Giant Tiger</b> — Big store offering an eclectic mix of household items, beauty products, clothes & food.<br><i>18 Millett Dr, New Minas, NS B4N 0G8, Canada</i><br>Tel: (902) 681-7808<br><a href=""https://stores.gianttiger.com/ns/newminas/new-minas-millett-dr-00183.html"">https://stores.gianttiger.com/ns/newminas/new-minas-millett-dr-00183.html</a>"	(902) 681-7808	https://stores.gianttiger.com/ns/newminas/new-minas-millett-dr-00183.html	18 Millett Dr, New Minas, NS B4N 0G8, Canada	F: 08:00 T: 21:00	F: 08:00 T: 21:00	F: 08:00 T: 21:00	F: 08:00 T: 21:00	F: 08:00 T: 21:00	F: 08:00 T: 21:00	F: 09:00 T: 18:00	giant-tiger.jpg
Forbes Kia	45.0562537	-64.4691445	Landmark	Landmark	"<b>Forbes Kia</b><br><i>5488 Prospect Rd, New Minas, NS B4N 3K8, Canada</i><br>Tel: (902) 681-2144<br><a href=""http://www.forbeskia.com/"">http://www.forbeskia.com/</a>"	(902) 681-2144	http://www.forbeskia.com/	5488 Prospect Rd, New Minas, NS B4N 3K8, Canada	F: 08:00 T: 17:00	F: 08:00 T: 17:00	F: 08:00 T: 17:00	F: 08:00 T: 17:00	F: 08:00 T: 17:00	F: 09:00 T: 15:00	closed	forbes-kia.jpg
GBS Technologies TELUS & Koodo	45.06656149999999	-64.4430162	Landmark	Landmark	"<b>GBS Technologies TELUS & Koodo</b><br><i>County Fair Mall, 9256 Commercial St, New Minas, NS B4N 4A9, Canada</i><br>Tel: (902) 681-1900<br><a href=""https://telusprograms.com/en-ca/campaigns/gbstechnologies/"">https://telusprograms.com/en-ca/campaigns/gbstechnologies/</a>"	(902) 681-1900	https://telusprograms.com/en-ca/campaigns/gbstechnologies/	County Fair Mall, 9256 Commercial St, New Minas, NS B4N 4A9, Canada	F: 09:30 T: 19:00	F: 09:30 T: 19:00	F: 09:30 T: 19:00	F: 09:30 T: 19:00	F: 09:30 T: 19:00	F: 09:30 T: 18:00	closed	
Coles - County Fair Mall	45.0663914	-64.4426932	Landmark	Landmark	"<b>Coles - County Fair Mall</b><br><i>9256 Commercial St, New Minas, NS B4N 4A9, Canada</i><br>Tel: (902) 681-0880<br><a href=""https://www.indigo.ca/en-ca/store-locator/new-minas-coles-county-fair-mall.html"">https://www.indigo.ca/en-ca/store-locator/new-minas-coles-county-fair-mall.html</a>"	(902) 681-0880	https://www.indigo.ca/en-ca/store-locator/new-minas-coles-county-fair-mall.html	9256 Commercial St, New Minas, NS B4N 4A9, Canada	F: 10:00 T: 20:00	F: 10:00 T: 20:00	F: 10:00 T: 20:00	F: 10:00 T: 20:00	F: 10:00 T: 20:00	F: 10:00 T: 18:00	F: 12:00 T: 17:00	coles-county-fair-mall.jpg
Sherdon Developments	45.06682300000001	-64.4531105	Landmark	Landmark	"<b>Sherdon Developments</b><br><i>9108 Commercial St, New Minas, NS B4N 3E5, Canada</i><br>Tel: (902) 681-1331<br><a href=""http://www.sherdon.ca/"">http://www.sherdon.ca/</a>"	(902) 681-1331	http://www.sherdon.ca/	9108 Commercial St, New Minas, NS B4N 3E5, Canada	F: 09:00 T: 17:00	F: 09:00 T: 17:00	F: 09:00 T: 17:00	F: 09:00 T: 17:00	F: 09:00 T: 17:00	F: 09:00 T: 17:00	closed	
Sherdon Self Storage	45.06733	-64.453029	Landmark	Landmark	"<b>Sherdon Self Storage</b><br><i>9108 Commercial St, New Minas, NS B4N 3E5, Canada</i><br>Tel: (902) 681-1331<br><a href=""http://www.sherdonstorage.ca/"">http://www.sherdonstorage.ca/</a>"	(902) 681-1331	http://www.sherdonstorage.ca/	9108 Commercial St, New Minas, NS B4N 3E5, Canada	F: 09:00 T: 17:00	F: 09:00 T: 17:00	F: 09:00 T: 17:00	F: 09:00 T: 17:00	F: 09:00 T: 17:00	closed	closed	sherdon-self-storage.jpg
FYidoctors - New Minas	45.0686507	-64.4406178	Landmark	Landmark	"<b>FYidoctors - New Minas</b><br><i>54 Silver Fox Ave Unit 78, New Minas, NS B4N 0E4, Canada</i><br>Tel: (902) 681-1511<br><a href=""https://fyidoctors.com/pages/fyidoctors-new-minas"">https://fyidoctors.com/pages/fyidoctors-new-minas</a>"	(902) 681-1511	https://fyidoctors.com/pages/fyidoctors-new-minas	54 Silver Fox Ave Unit 78, New Minas, NS B4N 0E4, Canada	F: 08:30 T: 17:00	F: 08:30 T: 17:00	F: 10:00 T: 19:00	F: 08:30 T: 17:00	F: 08:30 T: 17:00	closed	closed	fyidoctors-new-minas.jpg
Valley Power Products	45.0693682	-64.466045	Landmark	Landmark	"<b>Valley Power Products</b><br><i>9 Nova Dr, New Minas, NS B4N 3G7, Canada</i><br>Tel: (902) 681-0700<br><a href=""https://www.valleypower.ca/"">https://www.valleypower.ca/</a>"	(902) 681-0700	https://www.valleypower.ca/	9 Nova Dr, New Minas, NS B4N 3G7, Canada	F: 07:30 T: 17:00	F: 07:30 T: 17:00	F: 07:30 T: 17:00	F: 07:30 T: 17:00	F: 07:30 T: 17:00	closed	closed	
Consignor's Place	45.0696681	-64.4621315	Landmark	Landmark	"<b>Consignor's Place</b><br><i>77 Crescent Dr, New Minas, NS B4N 3G7, Canada</i><br>Tel: (902) 681-6075<br><a href=""http://www.consignorsplace.com/"">http://www.consignorsplace.com/</a>"	(902) 681-6075	http://www.consignorsplace.com/	77 Crescent Dr, New Minas, NS B4N 3G7, Canada	F: 09:30 T: 17:30	F: 09:30 T: 17:30	F: 09:30 T: 21:00	F: 09:30 T: 21:00	F: 09:30 T: 21:00	F: 09:30 T: 17:30	F: 09:30 T: 17:30	
RBC Royal Bank	45.06755649999999	-64.4438101	Landmark	Landmark	"<b>RBC Royal Bank</b><br><i>9238 Commercial St, New Minas, NS B4N 3E9, Canada</i><br>Tel: (902) 681-8333<br><a href=""https://maps.rbcroyalbank.com/NS-NEW%20MINAS-branch-5103"">https://maps.rbcroyalbank.com/NS-NEW%20MINAS-branch-5103</a>"	(902) 681-8333	https://maps.rbcroyalbank.com/NS-NEW%20MINAS-branch-5103	9238 Commercial St, New Minas, NS B4N 3E9, Canada	F: 09:30 T: 17:00	F: 09:30 T: 17:00	F: 09:30 T: 17:00	F: 09:30 T: 20:00	F: 09:30 T: 17:00	closed	closed	
Raymond James Ltd	45.06885429999999	-64.46582339999999	Landmark	Landmark	"<b>Raymond James Ltd</b><br><i>8903 Commercial St, New Minas, NS B4N 3E1, Canada</i><br>Tel: (902) 679-2881<br><a href=""http://www.raymondjames.ca/"">http://www.raymondjames.ca/</a>"	(902) 679-2881	http://www.raymondjames.ca/	8903 Commercial St, New Minas, NS B4N 3E1, Canada	F: 09:00 T: 17:00	F: 09:00 T: 17:00	F: 09:00 T: 17:00	F: 09:00 T: 17:00	F: 09:00 T: 17:00	closed	closed	
Burger King	45.066883	-64.4505121	Landmark	Landmark	"<b>Burger King</b> — Well-known fast-food chain serving grilled burgers, fries & shakes.<br><i>9148 Commercial St, New Minas, NS B4N 3E5, Canada</i><br>Tel: (902) 681-1203<br><a href=""https://www.burgerking.ca/"">https://www.burgerking.ca/</a>"	(902) 681-1203	https://www.burgerking.ca/	9148 Commercial St, New Minas, NS B4N 3E5, Canada	F: 07:00 T: 01:00	F: 07:00 T: 01:00	F: 07:00 T: 01:00	F: 07:00 T: 01:00	F: 07:00 T: 01:00	F: 07:00 T: 01:00	F: 07:00 T: 01:00	burger-king.jpg
Irving Oil	45.0569753	-64.4705366	Landmark	Landmark	"<b>Irving Oil</b><br><i>5477 Prospect Rd, Hwy 101 W Exit 12, New Minas, NS B4N 3K9, Canada</i><br>Tel: (902) 681-0224<br><a href=""https://www.irvingoil.com/location/irving-oil-26896?utm_source=G&utm_medium=lpm&utm_campaign=irving"">https://www.irvingoil.com/location/irving-oil-26896?utm_source=G&utm_medium=lpm&utm_campaign=irving</a>"	(902) 681-0224	https://www.irvingoil.com/location/irving-oil-26896?utm_source=G&utm_medium=lpm&utm_campaign=irving	5477 Prospect Rd, Hwy 101 W Exit 12, New Minas, NS B4N 3K9, Canada	closed	closed	closed	closed	closed	closed	F: 00:00 T: 24:00	irving-oil.jpg
First Choice Hair	45.068871	-64.464141	Landmark	Landmark	"<b>First Choice Hair</b><br><i>8927 Commercial St, New Minas, NS B4N 3E1, Canada</i><br>Tel: (902) 681-2112<br><a href=""https://www.firstchoice.com/locations/nearme/haircut/ns/new-minas/8927-commercial-st/51071"">https://www.firstchoice.com/locations/nearme/haircut/ns/new-minas/8927-commercial-st/51071</a>"	(902) 681-2112	https://www.firstchoice.com/locations/nearme/haircut/ns/new-minas/8927-commercial-st/51071	8927 Commercial St, New Minas, NS B4N 3E1, Canada	F: 09:00 T: 18:00	F: 09:00 T: 18:00	F: 09:00 T: 18:00	F: 09:00 T: 18:00	F: 09:00 T: 18:00	F: 09:00 T: 17:00	closed	first-choice-hair.jpg
Nova Scotia Fisherman Skincare	45.067781	-64.4501981	Landmark	Landmark	"<b>Nova Scotia Fisherman Skincare</b><br><i>15 Jones Rd, New Minas, NS B4N 3N2, Canada</i><br>Tel: (888) 681-1362<br><a href=""http://www.novascotiafisherman.com/"">http://www.novascotiafisherman.com/</a>"	(888) 681-1362	http://www.novascotiafisherman.com/	15 Jones Rd, New Minas, NS B4N 3N2, Canada	F: 07:00 T: 14:30	F: 07:00 T: 14:30	F: 07:00 T: 14:30	F: 07:00 T: 14:30	F: 07:00 T: 14:30	closed	closed	nova-scotia-fisherman-skincare.jpg
ABLE Engineering & Land Surveying Services	45.067456	-64.45014119999999	Landmark	Landmark	"<b>ABLE Engineering & Land Surveying Services</b><br><i>9153 Commercial St, New Minas, NS B4N 3N2, Canada</i><br>Tel: (833) 756-8433<br><a href=""http://www.ableinc.ca/"">http://www.ableinc.ca/</a>"	(833) 756-8433	http://www.ableinc.ca/	9153 Commercial St, New Minas, NS B4N 3N2, Canada	F: 08:00 T: 17:00	F: 08:00 T: 17:00	F: 08:00 T: 17:00	F: 08:00 T: 17:00	F: 08:00 T: 17:00	closed	closed	able-engineering-land-surveying-services.jpg
Lawtons Drugs Kentville	45.077353	-64.495114	Landmark	Landmark	"<b>Lawtons Drugs Kentville</b><br><i>363 Main St, Kentville, NS B4N1K7, Canada</i><br>Tel: (902) 678-3308<br><a href=""https://lawtons.ca/stores/kentville/?utm_source=G&utm_medium=lpm&utm_campaign=Sobeys"">https://lawtons.ca/stores/kentville/?utm_source=G&utm_medium=lpm&utm_campaign=Sobeys</a>"	(902) 678-3308	https://lawtons.ca/stores/kentville/?utm_source=G&utm_medium=lpm&utm_campaign=Sobeys	363 Main St, Kentville, NS B4N1K7, Canada	F: 09:00 T: 20:00	F: 09:00 T: 20:00	F: 09:00 T: 20:00	F: 09:00 T: 20:00	F: 09:00 T: 20:00	F: 09:00 T: 17:00	F: 11:00 T: 17:00	
H&R Block	45.0682976	-64.44009009999999	Landmark	Landmark	"<b>H&R Block</b><br><i>54 Silver Fox Ave Unit 11, New Minas, NS B4N 0E4, Canada</i><br>Tel: (902) 681-2201<br><a href=""https://www.hrblock.ca/stores/54-silver-fox-avenue-11/"">https://www.hrblock.ca/stores/54-silver-fox-avenue-11/</a>"	(902) 681-2201	https://www.hrblock.ca/stores/54-silver-fox-avenue-11/	54 Silver Fox Ave Unit 11, New Minas, NS B4N 0E4, Canada	F: 10:00 T: 16:00	F: 10:00 T: 16:00	F: 10:00 T: 16:00	F: 10:00 T: 16:00	F: 10:00 T: 16:00	closed	closed	h-r-block.jpg
Rick`s Frame & Art	45.07043110000001	-64.4404837	Landmark	Landmark	"<b>Rick`s Frame & Art</b><br><i>9325 Commercial St, New Minas, NS B4N 3G2, Canada</i><br>Tel: (902) 365-1234<br><a href=""http://www.rickpenney.com/"">http://www.rickpenney.com/</a>"	(902) 365-1234	http://www.rickpenney.com/	9325 Commercial St, New Minas, NS B4N 3G2, Canada	closed	F: 10:00 T: 17:00	F: 10:00 T: 17:00	F: 10:00 T: 17:00	F: 10:00 T: 17:00	F: 10:00 T: 15:00	closed	rick-s-frame-art.jpg
Under The Hood Auto Service Inc.	45.0889167	-64.4421157	Landmark	Landmark	"<b>Under The Hood Auto Service Inc.</b><br><i>883 Belcher St, Port Williams, NS B0P 1T0, Canada</i><br>Tel: (902) 542-8080<br><a href=""http://underthehoodautoservice.ca/"">http://underthehoodautoservice.ca/</a>"	(902) 542-8080	http://underthehoodautoservice.ca/	883 Belcher St, Port Williams, NS B0P 1T0, Canada	F: 07:00 T: 17:30	F: 07:00 T: 17:30	F: 07:00 T: 17:30	F: 07:00 T: 17:30	closed	closed	closed	under-the-hood-auto-service-inc.jpg
Kings County Adult High School	45.0678697	-64.4493476	Landmark	Landmark	"<b>Kings County Adult High School</b><br><i>18 Jones Rd, New Minas, NS B4N 3N1, Canada</i><br>Tel: (902) 681-4930<br><a href=""http://www.kcahs.ednet.ns.ca/"">http://www.kcahs.ednet.ns.ca/</a>"	(902) 681-4930	http://www.kcahs.ednet.ns.ca/	18 Jones Rd, New Minas, NS B4N 3N1, Canada								
Money Direct | Payday Loans & Cheque Cashing New Minas	45.0690913	-64.4430493	Landmark	Landmark	"<b>Money Direct | Payday Loans & Cheque Cashing New Minas</b><br><i>9275 Commercial St, New Minas, NS B4N 3G2, Canada</i><br>Tel: (902) 681-4729<br><a href=""https://moneydirectstore.ca/locations/new-minas/?utm_source=google&utm_medium=organic&utm_campaign=Qode_GBP"">https://moneydirectstore.ca/locations/new-minas/?utm_source=google&utm_medium=organic&utm_campaign=Qode_GBP</a>"	(902) 681-4729	https://moneydirectstore.ca/locations/new-minas/?utm_source=google&utm_medium=organic&utm_campaign=Qode_GBP	9275 Commercial St, New Minas, NS B4N 3G2, Canada	F: 10:00 T: 18:00	F: 10:00 T: 18:00	F: 10:00 T: 18:00	F: 10:00 T: 20:00	F: 10:00 T: 20:00	F: 10:00 T: 17:00	closed	money-direct-payday-loans-cheque-cashing-new-minas.jpg
Fairstone	45.0683921	-64.4644078	Landmark	Landmark	"<b>Fairstone</b><br><i>8927 Commercial St #1, New Minas, NS B4N 3E2, Canada</i><br>Tel: (902) 681-1616<br><a href=""https://branches.fairstone.ca/ns/newminas/8927-commercial-st.-unit-1-670029.html"">https://branches.fairstone.ca/ns/newminas/8927-commercial-st.-unit-1-670029.html</a>"	(902) 681-1616	https://branches.fairstone.ca/ns/newminas/8927-commercial-st.-unit-1-670029.html	8927 Commercial St #1, New Minas, NS B4N 3E2, Canada	F: 09:00 T: 17:30	F: 09:00 T: 17:30	F: 09:00 T: 17:30	F: 09:00 T: 19:00	F: 09:00 T: 17:00	closed	closed	fairstone.jpg
Gates Insurance Agency Limited	45.0695196	-64.4737691	Landmark	Landmark	"<b>Gates Insurance Agency Limited</b><br><i>28 Kentucky Ct, New Minas, NS B4N 4N2, Canada</i><br>Tel: (902) 681-1234<br><a href=""https://gatesinsurance.ca/"">https://gatesinsurance.ca/</a>"	(902) 681-1234	https://gatesinsurance.ca/	28 Kentucky Ct, New Minas, NS B4N 4N2, Canada	F: 09:00 T: 16:30	F: 09:00 T: 16:30	F: 09:00 T: 16:30	F: 09:00 T: 16:30	F: 09:00 T: 16:30	closed	closed	gates-insurance-agency-limited.jpg
Money Mart	45.06707050000001	-64.4527174	Landmark	Landmark	"<b>Money Mart</b><br><i>9114A Commercial St, New Minas, NS B4N 3E5, Canada</i><br>Tel: (902) 678-3033<br><a href=""https://www.moneymart.ca/en/branch/90651/9114a-commercial-street"">https://www.moneymart.ca/en/branch/90651/9114a-commercial-street</a>"	(902) 678-3033	https://www.moneymart.ca/en/branch/90651/9114a-commercial-street	9114A Commercial St, New Minas, NS B4N 3E5, Canada	F: 09:00 T: 21:00	F: 09:00 T: 21:00	F: 09:00 T: 21:00	F: 09:00 T: 21:00	F: 09:00 T: 21:00	F: 09:00 T: 17:00	closed	money-mart.jpg
Speedy Glass New Minas	45.068222	-64.4676437	Landmark	Landmark	"<b>Speedy Glass New Minas</b><br><i>11 Dow Rd, New Minas, NS B4N 3R4, Canada</i><br>Tel: (902) 681-4488<br><a href=""https://www.speedyglass.ca/en/service-centre/ns/new-minas/speedy-glass-new-minas?utm_source=google&utm_medium=local&utm_campaign=Speedy%20Glass%20New%20Minas"">https://www.speedyglass.ca/en/service-centre/ns/new-minas/speedy-glass-new-minas?utm_source=google&utm_medium=local&utm_campaign=Speedy%20Glass%20New%20Minas</a>"	(902) 681-4488	https://www.speedyglass.ca/en/service-centre/ns/new-minas/speedy-glass-new-minas?utm_source=google&utm_medium=local&utm_campaign=Speedy%20Glass%20New%20Minas	11 Dow Rd, New Minas, NS B4N 3R4, Canada	F: 08:00 T: 17:00	F: 08:00 T: 17:00	F: 08:00 T: 17:00	F: 08:00 T: 17:00	F: 08:00 T: 17:00	closed	closed	speedy-glass-new-minas.jpg
Heritage Memorials Ltd	45.0710054	-64.4722846	Landmark	Landmark	"<b>Heritage Memorials Ltd</b><br><i>8777 Commercial St, New Minas, NS B4N 3C4, Canada</i><br>Tel: (902) 681-1836<br><a href=""https://heritagememorials.com/"">https://heritagememorials.com/</a>"	(902) 681-1836	https://heritagememorials.com/	8777 Commercial St, New Minas, NS B4N 3C4, Canada	F: 09:00 T: 17:00	F: 09:00 T: 17:00	F: 09:00 T: 17:00	F: 09:00 T: 17:00	F: 09:00 T: 17:00	closed	closed	heritage-memorials-ltd.jpg
